A	what tell me how you get the recordings on an email
B	erm well from your phone you just kinda like erm
C	I'm so rubbish with all these technologies
A	how are you gonna
B	pardon?
A	how are you gonna get us to sign anything?
B	I'll send it to you in the post I've already sent stuff
A	I know I still don't know what happened to that
B	really?
A	yeah
B	just
unknown_female	yeah
C	what so if I get one at home I can send it to you?
B	yeah and you just have to sign the
C	okay I have conversations from time to time at home
B	they can't be with yourself or imaginary people
C	do you guys have Linkedin?
A	I do but it hasn't been updated for about four years
B	I do but I never use it
A	why? but
C	cos I forwarded my CV on to this person who was like really high up in HR and she's emailed me back and she was like de la la so your CV's blah erm you just need to you need to do a few things like join up to Linkedin
A	yeah I think it's really important
C	but what if I don't have anybody to like I don't know how it works but don't
C	you need people to endorse your skills?
A	yeah and you will find that loads of people that you know are on it and it'll automatically tell you cos it's like links up to Facebook or
B	yeah I need to update mine as well
A	cos as soon as I start looking for a job properly a job search er that'll be the first thing I'll update definitely
C	what? Linkedin?
A	yeah and especially if you're in HR I bet lots of HR people use it
C	oh that's so
A	I know but
B	erm
A	it's just a case really of getting whatever's on your CV on there and then getting a a
B	and actually like I have a really bad profile like I don't even have a picture don't have anything on it and erm I've been headhunted a couple of times through it like
C	oh wow
B	yeah people have said oh er erm have you thought about applying for this job?
A	yeah so that's a really good way of using it
B	and I I haven't I haven't put myself honestly I've not put myself out there at all so
C	but cos the girls were talking about it at work and they were like endorse mm the fact that I'm good with customers so people click on something
A	yeah so there are these skills so it says
C	but nobody's gonna like my skills now
A	yeah they will cos er I even like people who say your friends at work or your er
B	oh you took my tea away
A	no
B	my green tea
A	no
A	erm
C	you took my tea
A	erm
C	uhu
A	would they be on Linkedin?
C	I dunno
A	well you might be surprised
C	mm
B	the thing is it's quite cringey but then it's the way things are done now
A	yeah what I don't like is that you just type in
B	yeah I don't like it at all and also the endorsing skills my dad endorsed me how shit does that look? like
A	yeah
C	does it say does it show you who endorses who?
A	yeah you can click on it
A	the worst thing I think is that you can see when someone's seen your profile?
B	yeah
A	so like you'll go onto people who you're interested in and they know that you've
B	so I never look at anyone
A	mm
B	I never go on it to be honest
A	erm
C	it's just annoys me that you have to have Twitter Facebook
B	but I don't think you do
C	blah blah blah blah di blah
B	I just I also think in a
B	there is that whole part of the industry where everyone's like
A	yeah it's true
B	but also they're not
C	do you guys have Twitter?
B	no
A	I do although I haven't ever used it really and er oh it's embarrassing cos actually that's like the second thing down and there's a shitty picture of like oh anyway but actually a lot of journalists say but maybe it's different for HR cos journalism er you have to have a Twitter account but I don't use it
B	but then that's what Twitter's was was set up for journalism wasn't it? I guess
A	but don't worry about that but Linkedin if you're looking for a job first thing you should do I think cos it is like taking your CV
A	to just online and that can only be a good thing
C	yeah
A	and once you've set it up and put your CV on there and stuff you don't necessarily have to use it again it's just a good way of maybe of just having
C	yeah
A	it is scary though when you look up your name and then see like everything you've done in the past is on there and I hate it cos I thought god if I ever if I ever get famous
C	well with your articles coming out left right and centre
B	yeah
A	trying to commission you whatever and then you've got like your blog from when you were fucking fifteen on there or like
C	I think Facebook's difficult for us
A	yeah
C	er it depends what you've done but
A	we've been on it for
A	yeah
C	back when you're like drunk
A	eighteen
unknown_female	yep
B	and you don't wanna delete them
A	no
B	but also you don't want anyone to see them
unknown_female	no
A	no
B	oh I had to because when I was teaching
C	oh
B	like one like my students would come and be like we saw your Facebook I'd be like that's really spooky
C	yeah it's not ideal
A	did erm
A	oh bless her
B	yeah it must be so hard
C	ouch
B	are you alright?
C	I just cricked my neck oh oh I'm just breaking
B	I'm sure she'll settle in though
A	it's just so
C	well it's not long until ah
B	her brother gets back
C	mm yeah
A	but it's just so lonely
B	yeah
A	remember when it was just me and you in Spain? and we had each other at least
B	oh thank god
A	but it was just I had those moments of like pure loneliness and that wasn't even that bad a situation compared to her
B	no it was and we no that
A	I did as well I felt so lonely
B	and feeling so lonely and low and
A	I just
B	yeah it's really hard and it makes it's I like it's really hard to to make a good group of friends who you feel really comfortable with
A	exactly it takes a long time
B	and she's
A	but
B	miles away as well
A	yeah
B	oh
A	what is it after?
B	you know the book the number one detective agency?
A	oh that's it and erm it's really good cos there's all journalists on there and some people are like er
B	oh
A	erm
A	I'm on the hunt for a volunteer whose brows are in need of a bit of a boost to try a nano-needle eyebrow treatment so they're obviously gonna write up about it weird
C	have I got a
B	I've enjoyed this green tea
A	it's caffeinated isn't it?
B	mm they're all from the same plant like green tea red tea white tea
C	are they?
B	yeah
C	white tea is supposed to be really good for you
A	but then is camomile and all that stuff just other herbs and stuff? that
B	yeah
A	isn't the same? oh
C	why is green tea good for you?
A	I don't really know
B	good for your bones no I've no idea
C	good for your bone?
B	no I don't think it is that's just completely made up
B	I don't know but my grandad always says oh green tea's really good for you I think for your digestion
C	mm
B	maybe that's other tea I have no idea
C	peppermint tea's good for tummies
A	it is yeah you're right
B	I don't really like white tea
C	don't think I've had it
A	I don't mind it
B	kind of just like normal
C	mm
A	it is quieter in here the trains don't you think?
B	what? than in your room?
A	yeah
C	yeah
B	have you got double glazing?
A	no not right here
B	that'll be it in Finland they have triple glazing it's mental
C	it's cos it gets so fucking cold
B	yeah
A	yeah and I guess they need the
C	oh I've been well I've been to we went to Helsinki and it wasn't
A	er I mm yeah
B	that's what I I feel like when I went cos I went to visit my brother when he was living there
A	mm
B	and erm yeah it was just a bit like it was really nice it was so cold
C	yeah and expensive
C	it's rare that you go somewhere that's more expensive than England
A	mm yeah
B	yeah and not that like compared to Norway I if I was to go back I know Finland's not Scandinavia but I just I'd go to Sweden or Norway cos I think they're
C	I've never been to either of those but er
A	it was just the big big buildings it felt like you were in Russia
C	Baltic and
A	yeah
C	cold and
B	and the countryside
A	I was so cold wasn't it?
B	it was so cold
A	it was May
C	was it May?
A	yeah
B	I remember I got on a flight from Spain from Barcelona to this town called Turku and I was like I just didn't have any suitable clothes cos I was living in Spain
C	oh
B	landed and I just wanted to cry
C	yeah
B	it was so cold
A	I dunno how people live there it's just the darkness I think I don't know who will cope with the darkness
B	no
A	I mean it's bad enough here when the in the winter but
C	oh it'll start er getting lighter now
B	yeah we're over the hump
C	yay hump day Wednesday hump day
B	mm
A	what is?
B	I love the sound of Finnish though it sounds so
A	he's a chemical engineer isn't he?
A	yeah cos he's mining
B	is that how he met?
A	yeah that's how he met mm what's her name?
C	is she pretty? we were saying yesterday though I think it's gonna be such a massive culture shock for her
B	like she
C	to go from living from South America where it's very
B	yeah
C	warm and
A	and they're in their summer now as well
C	happy and de de to kind of
A	Finland
B	cold
A	well she was saying she's visited
B	yeah you have
A	Peru where you
B	you have to get to know them and
A	yeah of course but I guess
C	isn't that funny how like nationalities have different kind of like?
A	it yeah
C	it's like it makes me laugh when erm Family Guy in erm they I mean there you can't really base anything on Family Guy cos it's quite awful really but when they do stereotypical
A	yeah
C	and really like oh talk like this which nobody does
B	yeah
C	I don't know why we have that
A	well in comparison to the States we do
C	yeah but
B	yeah but they're probably all plastic
C	they're all fake
A	yeah
C	they're not all fake but
A	well they they're nice and
B	yeah
A	whereas
B	I hate teeth
unknown_female	mm
unknown_female	I hate my teeth
B	I love your teeth
A	oh
D	yeah
C	how could we
A	he had a baby
C	really?
B	has he?
C	oh my god everyone's having babies
B	where's he living?
A	and my ex-boyfriend
C	what?
B	I think you told me he was pregnant well not him
A	no I didn't know
B	I thought
C	that's weird
A	but
B	maybe
C	oh
A	cos I was gonna go to
B	is he living in Amsterdam?
A	yeah he's been living there for a few years and he met his French girlfriend there so he must be about thirty-eight now I guess or thirty yeah
B	you were in love with him
A	I liked him so much but then I realised it was just an illusion anyway erm yeah and like er and he was just like yeah I'm having a little kid blah blah blah and then I saw on Facebook
C	ah
A	it was like our little
B	ah
A	and they bought a house together and
B	wow
A	and then
B	and
A	yeah with this girl he's been with for a couple of
A	what? they're like yeah it was a surprise earlier this year and then erm yeah born about a month ago little
C	what?
A	usually you find out about this stuff on Facebook
B	yeah
A	but he doesn't really use it and erm yeah
B	oh so you don't ever see him?
A	no and then I
B	yeah
A	yeah but I did text him and I just said
B	yeah
A	like congratulations and whatever and he text back and he was just like he was really nice so I think a lot of people I know someone at work as well like
B	are having babies
A	and they're all they've all given birth like er the end of
B	what happened nine months ago?
A	what happened nine months ago exactly March spring ain't it?
B	uprisings
C	now
unknown_female	mm?
unknown_female	can I ah I need to sit up can I be a pain? erm can you go and grab that towel
A	oh yeah of course
C	for me? cos I might have a shower whilst it's quiet
A	which colour is it?
C	blue
unknown_female	yeah
A	is it in my room?
C	mm I'd go but obviously
C	naked on
B	he's standing by the window
C	ah
A	what? with his leg up
C	okay that's really painful why am I so
B	but but you've oh sweet
B	it'll be fine
C	will that? no I can't really turn my I can do that oh
B	how are you getting home? coach?
C	yeah so it's great cos the train is what
A	what's that for?
C	it's the train
A	oh yeah
C	but now the
A	oh wow
C	so I literally walk to the bus stop
A	that's so good
C	and then I was in
A	that's so good
C	like of all the places that
C	yeah it's
B	that's so good
C	so it's erm and all it's just as
B	do you have to book on a special one?
C	yeah yeah yeah you er you all book before
C	no it's erm
A	oh
C	it's a West
A	oh right oh that's why I've never okay by the way all my
C	yeah thank you
A	you've put a right crick in your neck haven't you?
B	oh
C	yeah I can't look that way
C	no that's very kind
A	are you sure?
C	I will be fine I need to man up really essentially
A	it's a bit weird
B	oh
A	mm I'm tired
C	when does
A	I think February isn't it?
B	is that their honeymoon?
C	yeah
A	mm
B	oh how long are they going for?
C	a month I think
B	how nice
C	oh I'm hoping to go to New Zealand this year
B	oh what a beautiful place
C	it's like my big thing before
A	yeah you're gonna have to at least but you don't have to worry for a while
B	does he want children now?
C	no no
unknown_female	of wanting to race cars that's all he wants to do so he's
B	and the glory
A	and the glory
C	yeah I know
B	mm
C	but hey-ho he wants to do
A	at least he's got a passion I need er something as a hobby probably not an expensive one like that though
B	yeah
C	I'd love it if you did
B	next time we come you're in
C	yeah
A	got a new hobby guys
A	I've used up all my savings
B	you've got like your erm
B	I can so see that would go with your personality as well
B	that's just
C	bright orange
B	yeah
C	race race car
A	mm
C	right I'm gonna go and is it hot water or cold water that's good for your muscles?
A	cold apparently
B	maybe a bit of both? like go from hot
C	well it's like that thing I was trying
C	but I kind of forgot oh weather update showers today
C	I don't
B	mm
C	I need to go looking for ah
A	er
C	maybe it's from games night
C	I'll come back
A	I know
B	oh
A	oh mm
B	you alright?
A	sleepy
B	I slept better last night than
A	yeah
B	the night before
A	it is cooler in here like like I think it was really hot last night
B	everyone's growing up
A	it's so scary
B	what shall we do?
A	er not do that
B	just run away?
A	yeah
B	yeah
A	that's good
B	it's freaky though isn't it? like
A	I still think thank god compared to the last generation twenty-eight is still
B	yeah
A	pretty young like er the very vast
B	yeah no I do I think it is but it's still like
A	but it's still like really scary
B	yeah it's a really
A	I've got so much life to live yet
B	I know you can live a life when you have a baby
A	yeah but I mean like
B	well I dunno I've not had one so
A	but you can't just like make off and do what you want can you?
B	no I think though there are definitely like people who make it completely their world and people who have a child and a life
A	mm
B	well I'm not saying like put the child in nursery like I'd hate that like
A	that's the thing though
B	but
A	the pressures
A	yeah
B	like this whole life is in your hands
A	yeah
B	I couldn't
A	but like the
B	but maybe like maybe you wouldn't like you know erm like
A	mm
B	and she had
A	yeah
B	and er I guess you just learn like you have to
A	I guess you surprise yourself
B	I think
A	you either are good or not yeah
B	and maybe like you wouldn't worry so much yourself cos you're more like concerned about like making sure they've got a good life and
A	yeah I
B	yeah
A	the other day we started talking about what I'm dreading is cos I'm so bored of wedding chat I'm just dreading the moment when
B	you
A	I'm certainly I'm certainly a big step behind a majority not all thank god but a majority of friends mainly like
B	but do you think you'll ever be like them?
B	I would absolutely love it if we got married
A	and I think
B	and we just turned into like absolute
A	that's all we talked about
B	after all after all the chat
A	all that chat
B	that we were like
A	it wouldn't surprise me cos we're knobs
B	yeah it's the kind of thing we do
A	but erm
B	but then like for example with
A	no but but what's worse is er that's fine but it's when everyone's er you know like
B	together?
A	when er people are together and they've all experienced something and then this is like like everyone talking about oh yeah well for my wedding for my wedding for my wedding
B	oh god but
A	honestly and I've had been in situations like that not that often often
B	no
A	with like the uni girls
B	that's the hard thing and you
A	but er sometimes it's just boring as fuck
B	yeah
A	cos you can't simply you just can't relate you know? but then I'm like am I just being like really cynical? but it's not that I just cannot relate to what they're saying
B	no I couldn't really couldn't
A	but anyway maybe it'll be different with babies I mean I think I'm getting more into babies
unknown_female	not like having them myself but like I'm beginning to understand why people have them but
B	no I mean I love children and I can't even imagine it
A	mm
B	oh mate we should go on holiday
A	yeah we should
B	yeah no but like
B	do you know what I mean? like I'd like to just go on holiday with you and like
A	I know and just go and chat shit with people
B	and not yeah cos I like Ibiza was lovely but
A	mm
B	we it it wasn't the same
A	no it wasn't
B	have you got anywhere that you'd love to like
A	god yeah so many but obviously this travelling thing
B	mate are you going round Europe? or?
A	yeah I
A	I'm too scared to go outside of Europe
B	I just love Europe as well
A	I do love Europe and er and I
B	I'm such a knob
A	should I not be like going anywhere else?
unknown_female	there's a big world out there
B	I know
A	Europe's tiny
B	but it's so amazing
A	yeah
B	like I just love it so much I'd like to go to South America but
A	it's weird
B	because maybe on your travels we could meet up for a week
A	yeah for sure cos I imagine
B	erm I really want to go to the Azores islands
A	oh yeah we were talking about that weren't we?
B	yeah I have a thing about islands I love em erm and I'd like to go to like Croatia Albania down there
A	mm
B	I've never been there
A	er that's probably the area I might be going to
B	yeah and I'd love just I'd love to go to erm France as well cos I
A	mm
B	it's just I had such a good time this summer in Montpellier
A	oh yeah
B	such a good time and cos my problem is I love Spain so much that it's like my default go-to place
A	mm
B	I I don't even particularly feel abroad there I love I love speaking Spanish like it it just
A	but it's not a holiday necessarily?
B	but I just er I love it equally so it's always it's always a difficult one cos it's always a draw
A	erm I get but like
B	Albania
A	yeah that
B	we could go and see
A	yeah
A	cos in my mind what I'd like to do but this is just what I've I'd like to start in Italy cos I've seen a few Workaways that I like there and I really wanna go to the Dolomites and around the Verona that like top top top
B	oh my god
A	right corner
B	yeah it's amazing
A	so I'd like to go around there
B	up
A	Austria Czech
B	yeah
A	but then always go down to Turkey
B	you wanna go to Turkey? yeah
A	I well I went
B	yeah it's amazing isn't it?
A	people keep telling I don't think you should go there at this time
B	I think also erm it's worth going to like northern Cyprus and
A	oh yeah
B	like not obviously Faliraki in Cyprus but other parts of Cyprus are incredible like
A	Ayia Napa you mean?
B	yeah where's Faliraki?
A	I think it's Rhodes
B	oh
A	well anyway
B	haven't been to any of them but anyway oh did I show you my erm my grandad wrote this article and it's like The Road to Ayia Napa and it's like the donkeys on the road
A	oh
B	to Ayia Napa and it's and my grandma's drawn a picture of like nothing so when they were there there was nothing in Ayia Napa
A	wow
B	and yeah he's written all these like the dusty track to Ayia Napa
A	and now it's erm a superhighway well it's not but
B	yeah erm
A	it's fucking
B	I'd like to go to Sicily as well
A	mm
B	a bit more
A	oh I love Sicily yeah
B	and erm
A	mm yeah Amsterdam is way up there maybe we should go to Amsterdam
B	have you been?
A	no
B	I just don't wanna go on the plane no one gets it I wanna go there like on the boat or
A	on land
B	yeah
A	oh have you?
B	yeah like and oh when
A	why?
A	what made you freak out? turbulence?
B	well the Irish one we landed in like Storm Frank so it was like
A	mm
B	put the brakes on and we skidded across the runway like
A	yeah yeah yeah
B	and then there was like
A	oh god
B	and then erm
A	you need to nip this in the bud
B	I know no I know and I I
A	I don't know how though but
B	I've erm been on loads of flights so I can't you know it's really horrible like when you feel you're getting a fear
A	I know
B	but you can't stop it so erm I also like I I was in a tower in Verona and I started to feel a bit like weird about heights and I've never felt weird about heights
A	mm
B	and I was like
A	no
B	I don't want this fear but you can feel
A	it's funny how you develop them as well well with flying
B	yeah what are you tricks?
A	I don't have any I'm shit at it
B	I'm not sure I've done like ten flights in the last month so but I dunno
A	you need a couple of smooth flights and it might make you feel better again
B	got to say we we to Italy er
A	wow
B	you know like Ryanair it was like
A	yeah
B	it is like that is a really big difference
A	wow really?
B	yeah I cos I was freaking out and
A	wow that says something doesn't it?
A	well we shouldn't sit together on this next Ryanair flight should we?
B	but I always think that when you're with someone who's scared like I was quite good do you remember when we went when we last flew? and like and you were like
A	I was
B	and I was just chatting to you and I wasn't scared because like I knew you were more scared
A	but is it cos you just weren't scared?
B	no I was I've been scared for about a year and a half two years
A	wow
B	or longer but and it's just getting
A	I dunno if we just wind each other up are you a scared flyer? you're a
C	erm mm no
A	you're okay
C	well that's only cos I've had as I
A	yeah he's so chilled
B	is he in the RAF?
C	er navy but he flies
B	mm
C	helicopters so
B	does he?
C	yeah erm so when we were coming back from the Maldives we had quite bad turbulence and that was at the stage when they thought that turbulence had brought the Malaysian airplane down and like
A	and who? who brought the Malaysian airplane?
C	before they found out that it was erm actually er a technical error that the staff just switched off
A	oh is that really what the thing is now?
C	yeah
A	in the flight
C	yeah they
A	oh my god
B	what the the one that landed?
C	the one that went missing
B	how do they know that?
A	how do they know that?
C	from the er but I dunno but they published it so
B	I didn't know that
A	maybe it's just a theory
B	yeah
A	it's like so against our
B	and
C	yeah
B	and that made me feel a bit better cos I just imagined it going like
A	yeah yeah so I guess er the thing but still they go really fucking
A	mm
B	how long is the flight to the Maldives?
C	it's six hours to Dubai and then from Dubai well Abu Abu Dhabi no that's it Abu Dhabi erm
A	do you want a massage? do you want me to like just go like that?
C	well does it help?
A	I dunno try it
unknown_female	and then from Abu Dhabi it was four hours to Mali which is the capital of the
A	where was it hurting?
C	er there
B	were you on like your own island?
C	yeah
A	really?
C	oh it was the most luxurious thing I've ever done in my life we had our own hut in the sea
B	in the sea?
C	and we had a
A	what like like er stalks out like what's it called when you have
C	I'll show you I'll show you er
B	what? it was?
A	what you mean the the hut was like pillars out of the sea?
C	yeah yeah yeah I'll show you a video because erm
A	is that
C	er there
A	okay
C	like around there videos
B	let's have a look
A	oh my fucking Christ
A	how much do you wanna dive into that pool? into that
B	oh my god that's like heaven
C	how come there were tiles oh no that's the corner of it okay
A	oh my
B	wow
A	god
B	so everyone had their own pool?
C	not everybody er
B	how long were you there?
C	erm seven days
A	oh my
A	fucking christ oh my god look at that water
B	oh my
B	when you're ready?
C	guess what guess what
A	is that an infinity pool?
C	yeah
B	that's amazing
C	see like he gets into it he like er swims around gets into his little world
B	that is funny
C	oh
A	anyway what's er a dolphin? no
C	killer whale that was this I was
B	I've never seen a killer whale oh
B	oh
A	oh my god
C	there's a fish we saw turtles there
A	wow
C	two turtles in the middle of this er we went snorkelling all the way up there
B	oh my god it is stunning
C	erm
B	how did you choose the Maldives?
C	oh I've always wanted to go
B	really?
A	wow
C	that was like the view from the breakfast bar
A	fuck off
B	it is like heaven isn't it? I'd just love to be somewhere like that and just to completely switch off like
A	oh
B	forget what day it is and er I just wanna
A	mm
B	like leave everything and some
A	mm
B	say someone's gonna come for me when it's time to finish
A	yeah
B	and time to go home
A	yeah
B	just taps you on the shoulder and says off you trot
A	and then maybe you leave your phone at the desk and be like if there's an emergency I'll tell like tell your family what number to call
B	yeah
A	at the hotel don't look at your phone
B	like back in the day when we used to go on holiday as a family and like my mum would just give like my grandparents the name of like the
A	the hotel yeah
B	not even the hotel like the campsite or whatever
A	yeah
B	and like so that if there was a problem but now you'd always have your like
C	oh yeah er we turned I was like we're turning our phones off as soon as we got there it was like I don't want to be known
A	so did you have your phone on at all?
C	erm
A	that's such a good idea
B	couldn't you?
C	it's funny how much you do rely on it though like you feel uncomfortable after a while you're like well what happens if something's happened to my dad? and it's like well you know that used to like you say it used to happen where if anything was major you'd hear
A	you would hear somehow yeah like they would just find out but people would just find out the hotel you're at like like
B	yeah they would though
A	er people are more resourceful than you think
B	yeah and so what erm what so you were there for seven days?
C	yeah
B	were you just there on that island?
C	yeah yeah literally there's
A	even then I think you'd get a bit bored
C	yeah
B	yeah could you walk round the island? are there like things to do?
C	yeah we had bikes they gave us bikes
B	oh
unknown_female	erm
C	so you cycled round the island
C	wow
A	and then erm and then go via the Maldives or something spend like four days in the Maldives
B	where is the Maldives?
A	it's by Africa isn't it?
C	Indian Ocean
A	has that helped at all?
C	yeah
A	has it?
C	it's amazing thank you ever so much
A	has it actually though?
C	yeah
A	mm mm
C	I feel like when I do this I look very inquisitive like
C	mm
A	I think it's like there's Africa er like correct me if I'm wrong there's Africa and it's here
B	really?
A	is it?
B	like near Madagascar
C	it's like there they are
A	ah
B	oh well done
C	that's India Maldives
B	oh okay so not
C	and I was really to be honest I was scared about flying over like we had to fly over Iraq and everywhere and I was like that's when I freaked out because they did bring a plane down
A	it must be near the Seychelles then cos the Seychelles is around here I think
C	yeah
A	cos that's where my uncle's from
unknown_female	wow
B	so how many erm?
A	it's not actually near South Africa at all
B	no or
C	no
C	I reckon from South Africa to the Maldives is like nearly the same
A	yeah that's that's
B	so is er the Maldives is it just millions of islands? or is there?
C	millions
C	yeah they they did count them and
A	oh my god an hour's flight?
C	there's so many islands and honestly just looking out the
C	cos it's just you can't justify spending that much money
A	yeah I know
C	and the
A	yeah
C	cos everybody from like the
A	see that's weird man and erm like
C	and you kind of yeah but they were all ever so friendly
A	I wonder what their lives are like I bet they live in quite poverty poor conditions
B	are there like yeah like poorer islands that aren't touristy or?
A	there must be places where people live
C	there must be yeah I think Mali is like I think it's the most er densely populated city
B	really?
C	in all the second or third something city cos it's like compacted I think that's got quite erm
A	you can't imagine great conditions there can you?
B	cos sometimes you see pictures I think it's more of the Seychelles or it might be the Maldives of like just
A	yeah I guess it collects all up yeah gross
C	they're very probably very clever about hiding it cos you couldn't even see that from the air
A	yeah
C	my biggest ambition is to find or on my bucket list is to see a whale from the sky cos I reckon you would be able to
C	so I spent the whole hour's flight
B	why from the sky?
C	just because I'd love to see a whale and I'd be too scared to be on the sea to see a whale
B	I've seen a whale
A	how?
C	wow
B	well my
B	when I went when I went
C	go on
B	to Australia with my aunt
C	oh you
B	I was working on a boat that was tracking the whales up in the Indian Ocean
C	oh my
B	and we went out we saw like three hundred whales like they were like
A	like big ones? or how big?
B	massive ones yeah
A	wow
B	they don't look that big in the sea like when you're on a boat so what they what they were doing was they were like counting them to see if the if they put an like if an oil refinery
C	yeah wow
B	erm
C	cos they say fishing harbours do now don't they?
A	what?
B	yeah it's
C	that like fishing harbours change cos er that was on that David Attenborough Hunt documentary which was amazing
A	oh I didn't see that I wanna see that
C	oh it was amazing you no that I'm sure is on BBC Iplayer but they had
A	yeah yeah
C	a whole mm erm blue whale? cos that's the largest one isn't it?
A	is it?
C	and they're just
B	I think ours were humpbacks that we were tracking
C	they're just incredible creatures
A	yeah
C	I'm
B	in awe of them
C	weirdly
A	wow
C	just to see one from at least er
A	yeah
C	if like if you're that
A	of this huge mammal
C	yeah
A	just in this ocean
B	but they they don't cos the sea is so big they don't look that big it's really weird
C	yeah
B	and like even when you're just in Australia and you stand er cos like my aunt's obviously like worked with them a lot she we'll just
A	wow
B	you we'll just be standing on the coast she'll be like there's a whale
unknown_female	wow
unknown_female	and I would just see it as the sea and then you can see them like doing all their like
C	tail
B	their tail flips and like
C	wow
B	puffing water out
C	wow
unknown_female	yeah the thing which was amazing is that obviously like you know this about whales but like they're just this the on the documentary you're just swimming along and suddenly it wanted to eat all the plankton or whatever it it eats
C	and then its thing just goes
A	are they they don't eat meat?
B	they don't like salt no it's a joke
A	yeah
C	I believed you then I was like wow
A	yeah how do they filter it out?
A	do they eat meat?
B	I dunno because
C	they can't er they basically if they open their mouth then it's pot luck what's in there isn't it?
A	yeah
C	no you er you could they could eat human
A	ah
C	and I don't think they'd mean to
A	ah
C	cos that would scare me like the amount that they open their whale er mouth
B	Jonah and the Whale ain't it?
C	yeah you'd just go right in there and then er I don't want to think
B	oh god you can't even imagine
C	mind you can swim in a a whale's vein or something it's that big
A	how big are they like in
B	they're just ginormous
C	they're it's crazy
A	like could it fill this room?
B	no bigger way bigger than this room
C	it's like
A	imagine that
C	almost like one of the
B	no that's big
B	they're just erm
A	compared to that shipping container what about a shipping container?
B	they're probably about the size of a shipping container
C	yeah the blue whale would be like
B	or bigger
C	the size of five of them
A	no
C	they're huge wait a minute
A	let me have a look let me have a look
B	and er it's
C	wow what?
C	so sharks eat dolphins?
B	they will attack them yeah
C	bastards no one like sharks
B	but the dolphins like all like
C	good
C	get into a little club
B	yeah
C	good
A	ah
B	the dolphin club
C	and whales I mean there's no point in trying to take that one out
B	no
C	mind you I don't see how a whale could defend itself
A	so twenty-five metres
B	so about
C	is that a large blue
A	the blue whale
B	so this room is probably like six metres
A	oh my fucking Christ
C	yeah
A	you're right a shipping container is probably only like
B	ten? we'll look it up maybe
C	so can you get a scale?
B	yeah and they have like
A	okay yeah
B	a human's toenail next to a
B	like a a human's mouth next to a whale's mouth
C	but yeah I've for some reason whales have always fascinated me so
B	but I just think and they're
A	you should go on like a whale watch somewhere
C	I would but then I get scared that
A	oh my god
C	like you
A	yeah
C	drowned
A	look at that so hang on how do I get all the other shit off the screen? so blue whale comparison to say an elephant
unknown_female	that's a fucking elephant in comparison and there's us that's us in comparison to that blue whale
B	er we're not like we wouldn't even like
A	oh my god I didn't realise they were that big
B	yeah
C	that's why it's they're so cool
B	but you honestly the the sea
C	they're like the last
B	the sea is so big you don't even realise they're big like they look small
C	you need to if you're yeah watch if you watch any episode of The Hunt watch the sea one because they show do the whale
A	oh my god
C	and they they also have the section about like these jellyfish that look like they're raving underwater
A	oh yeah
C	it's
A	is it cos they light up or something?
C	there's so there's so many different
A	yeah
C	because it just doesn't
B	who would put raving jellyfish in the sea?
C	yeah they are incredible and like they're all these crazy shapes that you would just think
B	er I remember we went onto this one beach and like you can't swim cos they're completely poisonous but all these jellyfish had washed up on the beach
A	oh
B	er and we were just walking in shoes and it's like they're it's like bubble-wrap and they've got like like a bubble and you just and it's like it's horrible it's like pop pop pop pop and it's like they're completely
C	oh
B	I can't remember what they're called
A	cor this is so sad so yeah like you say er they their diet is almost
C	oh
A	erm but
C	which we found out about last night
A	yeah
B	we need we need
A	blue whales were abundant in nearly all the oceans on earth until the beginning of the twentieth century
C	and then humans
A	for over a century they were hunted almost to extinction by whalers until protected by the international community in nineteen sixty-six a two thousand and two report estimated there were five thousand to two
B	no
A	twelve thousand
C	we
A	that's why it's so important people I just don't understand how people can't respect nature and like how
B	and we and it's it's getting worse that's what upsets me it's like we've we know this we know we're like we know we should protect them protect everything
A	I just don't understand
C	no
A	so before whaling there were about two hundred and thirty-nine thousand sorry this is really depressing let's just look at how nice they are
C	mm well no it's
unknown_female	but I mean
unknown_female	I guess at least they are protected now cos hopefully they can just mate a bit more and make a few more
A	hang on
C	there are two groups
unknown_female	mm
A	hang on
C	oh
C	that's good
A	oh so hang on sorry
C	this journalist obviously doesn't write as er
A	there remain only
C	properly as you do
C	and all
B	well I saw three hundred so there are at least three hundred whales in the world
C	that's
B	it's quite
C	but humpback whales so what do they look like?
A	they're just really big
B	and we saw a hammerhead shark as well that just swam past the boat and it freaked me out
C	that would freak me out when erm we went in the Maldives
B	are there Maldives in the
B	are there sharks in the Maldives?
C	yeah and but the the funny thing is when we got there like I loved the fact also their health and safety is not as anal as we are here
B	yeah
C	cos we had we didn't get any sort of briefings about what's in the sea they just said if you're going snorkelling don't go out when the current's doing you can't go to the side of the island because you'll get washed away in a current so they they were just like just go to the end of the reef and then you'll be fine
A	that's quite scary
C	yeah erm and but they didn't give you er kind of there's this in the sea there's this in the sea and so on in the sea I'm petrified of jellyfish and on land I'm petrified of cockroaches I hate the fuckers so
B	oh they're disgusting
C	yeah and erm
A	oh
C	yeah erm even though we were good we were respecting the tortoise but then
B	you should go to where
C	and they were like you just can't take any flash photography and then this dickhead took a flash
B	I dunno somewhere in
C	oh yeah cos you you showed us a video of
B	yeah
A	wow so amazing facts about blue whales their tongues alone can weigh as much as an elephant
A	their hearts as much as a car
B	ah
A	tiny shrimp-like animals called krill
unknown_female	mm
unknown_female	a single adult blue can consume three
C	I mean isn't that just also incredible that it's not it's this huge thing and it doesn't need to eat huge things it just survives on the most tiny thing
A	I know
C	in the ocean?
B	yeah and it doesn't it's not aggressive like it's it's big but it's not like I'm the
B	king of the ocean and I'm gonna kill everything
C	is that in your way?
B	no no not at all there's someone in the toilet
A	mm
C	do you wanna share the sixty-six million pound jackpot?
B	I can just share that out between sixty-six like everyone
A	they are thought to form close attachments then there's wow it's so crazy though we can't hear them blue whales
B	well don't don't worry it's fine
C	no cos you can't be comfortable
A	though we can't hear them blue whales are one of the loudest animals on the planet communicating
B	they're having a party down there
A	communicating with each other using a series of low frequency pulses groans and moans
A	it is thought that in er good conditions blue whales can hear over distances of up to one thousand six hundred kilometres
C	cor
B	no way that's mental
C	that's mental
A	it is thought that whales feel emotions
B	I don't know the door's still shut it's always open isn't it?
A	yeah someone's probably in it
B	I know
A	oh give it a
A	to attacks my sharks and killer whales but many and many are injured or die each year from impacts with large ships
C	oh that's er er
A	wow
C	the whole ship why can't they avoid them?
A	I guess it's quite hard if I dunno
B	but they'd come on their tracking system wouldn't they?
A	but maybe they wouldn't be able to I don't know
C	they probably don't give a shit
A	god I'd give a shit imagine that? it's like
C	mm
B	well it's worth how many?
A	yeah
B	it's just so big isn't it?
A	are you guys hungry?
C	mm
A	are you hungry?
C	strangely enough
B	erm
A	trying to think what to make for breakfast today
A	half a bottle of red wine I could
A	oh this is nice
C	I'm actually really not hungry which is strange
A	but in an hour you might be
C	oh okay
A	you're probably hungry now aren't you
B	I I need a wee so I can't think about food until I have a wee
A	I could
B	one thing at a time
A	it'd be nice to eat that nice bread wouldn't it with something?
B	yeah
A	I've got some
B	I'm gonna go home quite soon actually
A	do you wanna have the breakfast?
B	yeah cos I won't make it
A	yeah
B	home without brek
A	er
C	you'll get hallway there and just
A	well you could have some toast and I could make us a fry up
C	no no no no no no
A	yeah I could
C	no no no no no
C	baked beans
A	I've got mushrooms what do you reckon? or we could go out but it's cheaper this way isn't it?
C	see shall we see how
B	do you have
B	do you have another toilet?
A	yeah first floor
B	where is it?
A	just er where the cloakroom is there's a door next to it
B	the cloakroom?
A	the the hallway
B	the ground floor
C	so you go down the stairs and it's on your left
B	really? on the like the one that you come in on? there's so many floors in this
C	I know
A	ground floor
C	it's like the Crystal Maze
A	well
B	okay
A	when you go through erm cos there's two you'll see do two doors and one is
B	hang on you go through
A	so you come down the stairs
B	yeah
A	on the ground floor on your left is a door that comes off the
B	first door on your left when you come
A	down and then first door on your left again left left it's not that complicated
B	it'll be really embarrassing if I like go into
A	don't worry about it
C	mm
A	we should go for a walk in erm
A	do you have any requirements for your stay?
C	not at all
A	anything you want to do?
C	erm
A	no? we'll have a chilled morning so we could have some nice breakfast
C	mm
A	and then we could go for a
C	yeah I think we met
A	yeah and then I
C	we could take some bread
A	yeah go round there and we could stop somewhere for coffee and then we could stroll back here watch a bit of telly read a bit of books
C	mm
A	relax
C	erm I need to find out cos they on the
A	mm
C	I need to find out
A	mm
C	but it says
C	engineering work
A	yeah
C	good service on the rest of the line
A	fine you're fine
C	but it says customers should use the
A	no you're fine erm like go
C	when I got on from when I got when I went to
B	yeah
C	oh
B	so I had to like find the light switch by the door
B	yeah
B	I can't believe I've never been in that bathroom before
C	I never have either
A	I never I never really go
B	quite a good bathroom
C	is it clean? as in like cos that must be just be his bathroom really
A	it's
B	it's really clean
C	that's good
A	do you have a cleaner?
C	I like a clean toilet clean toilet
B	where have you got to get to?
C	can I check it's you?
A	yeah
C	it's really good
A	view details
C	and
A	yeah cos you always get a bus from
C	yeah which I do also enjoy because you go past all the sights of
A	yeah it's nice
C	and it's number
A	oh
C	erm and
C	cos he's just scared of like not being able to control the situation in the sea
A	mm
C	like you're in their habitat
A	mm
C	and we saw lots of sea cucumbers which er constantly made me giggle cos they're
A	what?
C	sea cucumbers they're hilarious
A	what?
C	really little
B	oh really?
A	oh my god
C	and they're just like worms aren't they? but but they just
A	I've never seen that
B	I've never seen one
C	they're so funny oh I was giggling the whole way erm
B	it's really hard when you giggle in a snorkel
C	yeah mm erm
C	and then we got to the edge of the reef and we were just like oh trying to gear ourselves up to go over and then er we just saw this
A	what?
B	oh
C	but it was it was a reef shark so they're about that long
A	and they're not?
C	and they look like and they're
A	no
C	you just don't know like we didn't know if it was a vegetarian shark or
C	anything like that so we
C	but as soon as we like
B	or a vegan
C	tried we tried like
C	and we were like oh my god so we couldn't have been er like where that sofa is that's how close we were to these sharks
A	oh my god
B	oh fuck
C	yeah I know and we were like oh and then we started to swim erm back and then
B	mm
C	then we went down a bit and then went through this other gap and then suddenly the bed just gave way to this kind of well there was nothing like you couldn't see the sea it was amazing but really scary
A	what? with life you mean? or?
C	huh?
A	like with sea life?
C	well that yeah oh the fish are beautiful like again they're just all the colours under the sun they're gorgeous but it was just the way that
A	and then suddenly it dropped off?
C	and like it's er the
B	would you've done diving?
C	no no I couldn't do that I
B	what? if you burp?
A	no
C	I dunno but cos you're in control of that aren't you? and also there's all those things that if you swim up too fast you can
C	blow your brains out or something I dunno no that's too hectic for me but
B	you can get you can see so much just snorkelling that's crazy though just seeing the sea drop away
C	yeah er I've never seen
B	wow
C	I've never been very like been out that far ever in anywhere and it was just so beautiful because it was just so
A	wow
C	it was like Disney
C	and then there was one just
A	ah
C	like
B	oh and you saw him?
C	I
A	ah
C	and he was like that big like he was good decent sized one and then we saw another one
B	oh I'm so pleased you saw one
C	oh I I know otherwise I would've had to keep going back out I mean it was literally the most amazing thing I've ever seen a one-off and then we went back and er as soon as we got out of our back onto our thing you just saw this reef shark swim up to and they don't come that close because it's quite shallow and it was just funny the way that he just swam up to our
A	thing yeah
C	thing went under it and then away and it was almost like stay out of our habitat
A	yeah
C	or
A	oh keep out yeah
C	we let you live this time
C	but not next time
C	so after that
A	okay but I guess
C	so
A	that's when they feel
C	yeah
A	yeah yeah
C	threatened so
B	god sharks swimming around
A	so did you then avoid the sea? cos I guess was that the only time you went in the sea? or?
C	yeah the rest of the time we were
B	in the pool
C	in the pool and they had a pool and a beach bar which was really nice with the beds in the water so we
B	I just the love the sea like
A	yeah I know
B	that's why I like to be in like the Med cos I feel safe in the Med like you get
A	that's the thing I'm a like I'm a right pussy so if I was to go to the Indian Ocean I'd feel really scared to be in the sea when there was probably a stupid thing to be scared of I don't know
C	I wouldn't say it's I I think it's just you have to be sensible and the thing is there is nothing
B	in Singapore there are nets
C	had gone off course
B	mm
C	and was in er like we wouldn't've known we could've been out there we would've
B	mm like in
C	oh
B	but there was a shark in Valencia who got lost
A	oh really?
B	and erm
C	yeah that's the thing er there's always that one time when
B	but they can trap them in the Med cos they come in through the gap between Gibraltar
A	of course
B	and they can see them coming in
C	can they?
B	yeah
C	so what do they do? they don't kill them?
B	no I think they just say there's an
C	mm
B	and
C	er do they guide the shark erm
A	yeah
B	the
A	yeah once it's in the Med it'd be pretty hard for the shark to get out again
B	yeah it doesn't like it there I don't think
A	no it's too warm isn't it?
B	claustrophobic
A	mm
B	it's so scary though
A	the sea does scare me I'm such a fucking
B	I think it's quite good cos when I was when I was in Australia with my aunt cos she's like she's obviously done so much with like the whales and like the sea and she's like lived on boats for months on end
C	that's so cool
B	she knows kind of what to do and so I
C	mm
B	when we went snorkelling I've only ever been snorkelling once in my life
C	cos that would be scary cos it's cos I don't know if I'd be able to snorkel there because they are
B	yeah
C	great whites about
B	but we were on like we were in this place called
A	oh scary
B	Coral Bay and it's got a big soft coral reef so the sharks don't really go into the coral reef erm so we kayaked out attached our boats and then erm and then we were like snorkelling but yeah they're like don't wee in the sea because the shark can smell it from like miles and miles and miles away and they know there's something there
C	it's crazy
B	I was really scared cos I
C	but what an interesting job
B	I cut myself on erm coral and I was like bleeding and I was like oh no the sharks are gonna come
unknown_female	it's very unlikely they they they kind of do follow very similar patterns like and you shouldn't go in at dusk I think that's when they get a lot at the surface
C	it's like a feeding time isn't it?
B	yeah so I think there are like certain precautions you can take
C	have you seen that video when er that guy's doing like surfing and he gets attacked but he like punches it
B	in the
C	he does something and gets away
B	that's what you're supposed to do punch it in the nose
A	what? did you see it? it's a video?
C	yeah you see like he's
A	what? he punches him in the face?
B	mm
C	he does something or
A	get him in the eyes
C	easier said than done I mean
A	mm
C	it's a split second isn't it? when you're like you're either gonna just go like that cos you're scared or
A	that's what I would do
B	you never know
A	I'd be like
B	no no
A	okay just take me quick
B	yeah
C	oh it'd be horrible
B	especially if it like takes a bite and
C	don't they like the taste of humans?
B	no
C	cheeky fuckers
B	no they think we're seals
C	cheers sharks oh seals they're so cute as well
B	oh they're so cute
C	I love seals
B	we saw a seal in Ireland
A	little heads
C	yeah
B	if you go out in
C	that's good cos I think seals have got a lot of enemies
B	oh I love em and otters
C	polar bears eat them too er
unknown_female	mm
unknown_female	and orcas those black and white killer whale things
A	yeah I was just
C	they eat they literally eat the on you watch this Hunt it's erm beautiful and I love David Attenborough but they like come up to the seashore to try and get seals and they kind of launch into this pre-planned attack of like getting the pups as they're like
A	they're very intelligent aren't they?
C	but then they can beach themselves and then it's like well that's your own fault but then
B	they
C	it's not really
B	recently they've stopped like cos they used to keep killer whales in captivity didn't they? and I watched a documentary did you see that?
C	no but is that where Seaworld in America?
A	oh no
B	I was crying
A	I have not
B	I was crying
A	I can't take that
B	but I think now they've stopped
C	it's like Free Willy
B	they've stopped a lot of the killer whales in captivity after that documentary
A	after the documentary I'm so glad jesus
B	oh
C	I don't see it's it's sad isn't it that
B	mm
C	but fortunately my parents never and I'm glad they didn't because you kind of go from what your parents like if they're gonna take you to Sea Life centre or something you're gonna go
A	yeah
C	but I'm so glad that they never took us to anything like circuses or
B	no
C	any er thing like in America where they do those shows
A	it's awful yeah
B	I felt really bad in the Oceanogrfic in Valencia I didn't like it when I saw er seeing those dolphins and
A	yeah when you see like I remember like seeing quite like a not a huge whale but a whale
B	yeah in a smallest space it was so sad but then it's nice to see them I dunno it's
A	but it's it's nice to for us to see them but
A	yeah it's got nothing to do with us why they exist
B	imagine if they
C	mm
B	collected us and put us in cages
A	I know
B	we'd be mental
A	the problem is with human beings and I
C	we'd turn on each other
A	I do I must say the Bible does er not the Bible religion also like makes you think that as well that men own the earth but really the earth is not it doesn't own us but the er the earth is
B	and we're like quite high up the chain
A	it's giving us the conditions to be able to live on earth but we don't own it we don't own Mother Earth do we? it's not and er we don't own it more than a whale does or a seal or whatever
C	mm no
A	like we're all equal animals on this earth
B	no of course not no
C	we wouldn't we're actually not that great at survival now because we've got lazy so actually if they took all the weapons away we'd be screwed
A	yeah I know but we think we have this like
C	and they can bomb
A	mortal right
C	bomb each other from thousands of miles away what's the kind of that's cowardly
B	yeah
A	but we think we have this mortal right that we own this earth and we do not own it and that's what's sad because we then we think we think we have the right over all animals and think we can kill them and there's no comeuppance and we think we can do whatever we like it's disgusting
C	I think the world is
A	mm
C	like things like Facebook I think help
A	mm
C	and like er that happens everywhere like
A	I know
C	hunting happens in this country but the more
A	yeah I think so
B	then you think there are so many like countries that are so massive that you know don't respect it and
C	mm
B	I mean like whaling happens in Norway and they're like so civilised
C	yeah
A	yeah
C	and they have that yeah
B	like they're so that's like the the country on this planet that's so broad thinking
A	I read this interview with the head of new head of Greenpeace oh no well the head of Greenpeace is stepping down and he's being replaced oh yeah yeah so it's the new head of Greenpeace and he's like Greenpeace environmental erm our campaigns the worst mistake ever to have been made is that it's about saving the planet it's not about saving the planet when we get extinct when we become extinct the planet's gonna live on it's just gonna
B	yeah
A	it'll live on cos it's a powerful thing but it's about not about saving the planet it's about helping people live in harmony with the earth for for as long as possible without basically making it an
B	yeah
A	and I don't think people realise that you have to work with the environment rather than think you can rape it for all its worth dunno
C	that's why I like it when grass grows through tarmac
A	yeah
C	that's a very good example of
A	that's true
C	and also it just needs to make a tornado and it's wiped out nearly a population or a volcano or some tsunami they
B	weather bomb
C	weather bomb
A	I think it'll be a virus that wipes as out
C	there's too many human beings
A	there are really kind of scary
B	yeah let's not talk about that
C	so do you think my journey's okay then without?
A	yeah there's no erm
C	can you chuck me my telephone please?
B	your mobolio?
C	thank you for my mobolio
A	no if you want some toast serve yourself
B	yeah I'm gonna gonna get some I think
A	or porridge
B	I'm not a big fan of porridge these days
A	mm
B	I'm not I'm just not hungry I might have some in about in about quarter of an hour
A	make sure you take a lime with you
A	I'm getting upset with these limes going off
B	where did you get them from?
A	they just were brought over on New Year's Eve and weren't used so they're a little bit old now
B	that's alright I've got some from before Christmas
A	they're just going all brown
B	oh nice thanks
A	we never had my gin did we?
B	save it for next time
C	oh yeah?
A	just saying
C	when did you do that?
A	this morning
C	oh clever
A	sixty pounds
C	return? obviously
A	mm
C	yeah yeah
A	from
C	okay I need to speak to my dad and see if he can give me a lift to
A	will he do that? that's quite far
C	he
A	what?
C	he took me to
A	oh my god
C	five A M in the morning he always does it
B	well
C	but I take advantage I shouldn't
B	if you if you the other thing you can do is you can just get the train to
A	the night before
B	and get one of those
C	I've never been to
A	we're staying at
B	yeah and you're so welcome to stay and then we can all go you can have a look round
C	oh
B	we can all go
C	okay what date is this again please?
A	so the flight is the fifth but it's at seven AM so we're going to
C	fourth of February
A	yeah so we'll go up in the night after work but
A	yeah
C	it's the only the only acceptable time to get up early
A	is there enough room for all of us by the way in your dad's?
B	yeah yeah yeah
C	erm
B	but you
C	cool
A	and then we're coming back it's like eleven AM on Monday morning
B	yeah
C	and also it's quite easy Valencia so if for
A	yeah it's so easy isn't it?
unknown_female	mm
unknown_female	cos when you get there it's like twenty minutes
C	cos if my dad's a bit like nah then I could I could well I could get the train to
A	oh yeah well I dunno how much the flights are then
C	no
B	I don't think there are flights to
C	are there not?
B	no
A	there could be you never know
A	you never know
B	but yeah
C	but I know I can remember you literally get into Valencia and then you're on a tube
B	yeah
C	all the way into wherever you're going
A	mm
B	or like we could all like it there's so many of us it'd be cheaper to get a taxi we could get a big taxi
A	oh you mean on this side? or on the other side?
B	on the other side it's so expensive
A	okay
B	the
A	the taxi driver was laughing at us when we were doing that
B	yeah
C	yeah er taxi drivers must be a really fun job really like
B	yeah
C	just er I mean sometimes not so much if somebody's being horrible but erm
A	they
C	some funny conversations
B	yeah
A	erm
B	I always want to make it into a TV show but I think it's already been done apparently
A	right you should totally do it
A	it's cheaper with
C	I know but it's just
A	yeah
C	oh I know
A	I know I know I know yeah but
B	it would be so amazing to have you there
A	I wonder if we could like
B	we can cook
A	I wonder if we can get a
C	I don't want to be the unemployed annoying person that can't
A	no
C	you can't do what you want because there's me
A	no cos it's
B	no
A	cheap anyway it's not like we're gonna be doing anything
B	it
C	what's that drink out there that er?
B	Agua de Valencia
A	yeah that's it
C	oh yeah
A	yeah
C	I forgot about that
B	we can we can make it at home
A	but even when you buy it it's like you know cheap as
C	yeah
B	er honestly the other day I went out and there were like four people and I bought everyone tapas with drink and it came to ten euro and they were like shall we give you money? I was like it's fine that's like
C	wow
B	eight quid
C	that is amazing and it's proper
A	we need to book our Airbnb mind you
B	it's obviously yeah it's so cheap
A	and the and the Airbnbs are cheap as hell like I've been looking at them like
B	yeah they're gonna be like ten euros ten pounds a night
C	yeah we did Airbnb in Cape Verde
A	mm
C	and er
B	I'd love to go there
C	it was like for two weeks it was like two hundred pound the accommodation it was just the flights which were pricey
A	that's so good
C	even though there were so many cockroaches I nearly had a nervous breakdown
A	oh bless you
C	poor
A	oh bless you
C	it's really
B	they climb on you?
C	I er er er they were everywhere so the reason is is because when I was about my first year just before we were supposed to go to Venice
A	oh
C	my
A	Magaluf
C	yeah ex went to work in Magaluf for the summer so I was like well I don't really wanna be stuck here by myself type thing so
A	wow
C	got to work there which was cool cos they were all Spanish and it was quite fun like
B	is that er is that is that Majorca?
C	yeah no
A	Majorca yeah
C	erm and it was great but at night time it wasn't actually that great in the end in fact it was shit and I er should've come home erm mind you I was so cross because my erm
B	what was he doing?
C	he was a chef in a the
B	really?
C	yeah I mean not a great one like a Wetherspoons microwave place but erm so he'd like one week he'd be there at night time and then the next he'd be working till like midnight or one o'clock in the morning so I'd be sat in this like apartment building and it was quite nice we weren't in like the hotel bit we had a an apartment up here with a pool and then the night would come and
A	then the cockroaches would come out
C	and then
A	oh
C	and I was like what the fuck is that? and then I just saw this and they were big ones
A	yeah
B	yeah they have
C	they were like that big and they just kept
A	oh
C	er and I saw one jump off here one was there
B	oh
C	they were just running round and outside like
A	that is horrible I can
C	yeah
A	yeah
C	and so I just had to collect them in these glasses cos I didn't know what else to do with them but then I was literally I couldn't sleep because I was worried I it got to a stage where I became so scared of them that I was duct-taping every doorway in this house so they couldn't come in under the door
A	oh
C	and then I was duct-taping myself in in my bedroom every night and then one night
A	oh my god
C	cleaned there was just dead cockroaches everywhere under all the furniture
A	oh
C	cos it was a boy's place and they don't clean
B	oh
A	that is literally the worst story ever
C	I hated it and ever since I've just
B	yeah awful
C	but then I did find cockroach killer
A	I've killed one like that and it just
B	did erm do you ever hear from
C	no ever no
B	really? like do you know like you don't know what he's doing? or?
C	I know he's move he lived in
B	is that where you grew up?
C	yeah and it's also like where my
B	yeah
C	eight years ago but just
A	especially if you were with
C	I think
B	is it eleven?
C	yeah
B	oh
A	I think
B	really?
C	one of my friends has gone on honeymoon to Mauritius
B	oh that's another nice place
C	wow
B	with
C	look at that little face
B	oh a pug
C	so cute I can't wait to get one
B	when are you gonna get one?
B	what's the reason for holding back?
C	he just gets like he thinks that we haven't
B	what's what's er what kind of racing?
C	er
B	in the car?
C	erm
B	I don't know what that means
C	it's er it's just a type of car but it's just good fun
B	yeah you said that he loves his cars
C	so
B	but could you take the dog?
C	no cos it's too loud so many engines
B	could you like so you'd go do you go every month?
C	yeah once a month over the summer it starts in March and runs till erm
B	could you not go a couple of months while you had the dog to like look after it?
C	yeah I think that's what I'll have to do I'd rather stay and look after little Ralph he's gonna be a puppy he'll be like that big
B	how much are pugs?
C	er they're quite expensive I think they're like eight hundred to a thousand pound
B	really?
C	but you can get the bitches which are twelve hundred pounds
B	wow it's so much money isn't it for a dog?
C	I know for a
B	I just always worry that they're like overbred
C	yeah which I think they are so they're not very good genetically any more
A	do you guys have any painkillers?
B	no
A	do you have any?
C	no sorry I've got allergy tablets
B	are you why? are you?
C	is he not very well?
A	no he feels really sick and he's got a really bad headache
B	he didn't drink that much
A	no
C	oh bless
A	mm
B	pardon?
A	oh
C	nope
A	yeah but they probably are
B	some of them are some allergy
A	mm
B	oh poor
A	don't know what to do about that
C	could oh
unknown_female	oh hi there
A	you don't have any painkillers do you?
unknown_female	er
A	yeah do you?
unknown_female	you know what? I think I do
A	oh er amazing
