A	I did actually er put you a bottle of
A	oh you've got the wrong ones they're
A	you don't you don't want these
C	you've got the dodgy cutlery
B	it well you've got the same so you feel them and tell me that
A	no just
B	I used to have these as a
C	I really don't particularly mind that
A	quietly walk round
B	I will I will I will
A	mm
B	erm I used to have these as a kid because they're a lot thinner a lot more
A	put your napkin on dad that's fine
B	the fork's still a decent size but it just feels nicer
A	mm
A	there are two sets one had that at the bottom
B	yeah there's a smaller set of
A	and then one that had that at the bottom
B	there's a smaller set of those as well
A	and there's because that's
A	yeah oh and the fuss we used to have
C	but you're a bit like that at our house
B	yeah I am
A	but
B	once you find something you like and it's such a important part of your meal
A	I I took
B	I'd I'd much rather
A	mm
A	I know one's wider one's longer
A	my mug I had at home for for longer it was in er the only one of all the four all of them I dunno if there were four or six but there was one brown melamine mug
C	yeah
A	and oh and
A	I actually threw it in the bin
A	I've er
A	oh they're getting bigger got so many
A	well as long as they're not in er a a damp atmosphere in here it's obviously it's not it would be better in you know your kitchen no actually maybe not your kitchen cos it'd be there er your landing
C	yeah ours are
C	ours are doing alright they're just on a plate though I think just on the windowsill
A	it's just to let the air get round
C	yeah
A	and they're drying beautifully erm I've just picked all our tomatoes today
C	we
A	and you mixed them
C	it's it's kind of gone mm
A	yeah I know you mix them with er yeah
A	but you mix them with a few and a bit of I'm using red red
D	supper
C	thank you very much
A	red wine
D	papa
E	thank you
A	cider vinegar er if you
C	oh
A	however you've got to remember that you've got a whole load of the potatoes I hope
C	coming our way
A	we'll find out tomorrow
A	because your tom-tato I've picked all the potatoes
B	oh er
B	it's all fallen over
A	er yeah I'm just saying you might end up with a bag of potatoes I hope tomorrow
B	tomorrow?
A	I've cut the
B	oh have you?
A	yeah
B	oh the tomatoes not finished? have they finished already?
A	tomato yeah I've been making chutneys
B	oh wow
B	we've got loads still coming loads of chillies as well still coming
D	would you like some stuffing dad?
A	yeah so have I I've got the chillies coming but er
D	that's some stuffing
B	oh yeah we're in a position where we we're
A	oh sorry it's it's breast erm
B	dark meat
A	white meat dark meat just careful with the dark meat cos of the
D	this is sage and onion
A	er
B	bones
D	okay?
E	thank you
A	and then wings and legs
D	there we are
A	erm
D	I'll move that
B	yeah
A	I can always hang them and they will ripen on the vine
D	would you like a a drumstick father? would you like a drumstick?
E	yeah
A	I did but er we're October now
B	yeah
E	thank you so much
A	well today's
A	no I've been out today today's not been as nice
B	oh I dunno I went out at lunch and I was boiling
B	mm
A	however having cut down
D	oops
A	the tom-tato
B	yeah
A	I got the sack
B	yeah? full of potatoes?
A	well I don't know
A	I
D	there you go
B	well we'll have potatoes then
A	so I reckon you need a couple of big sacks
D	that's your fork
A	to take all these
C	oh god we've got like er
C	an abundance of potatoes at our house as it is
D	do you want some stuffing?
C	what is it?
D	it's a
A	pork and chestnut
D	pork and chestnut
C	er
C	neither of us are huge nut people are we?
D	no no
B	never eaten nuts in my life
D	no
A	that's a shame cos chestnut doesn't actually taste of nuts
D	no it's more like a bean
B	no it's not
D	yeah
B	well peanuts technically aren't nuts they're beans so
A	they grow yeah they grow under the ground
D	grandpa would you like some gravy?
B	it's good gravy ma
D	yeah gravy?
D	there we are lovely there
C	oh my god I can't believe I didn't tell you
D	mm
C	so I was driving out of
D	no
C	like full on like
A	what? wheels?
C	yeah
C	and two poles
A	well I've heard about I've never
C	yeah
A	I've heard of it
C	and literally and you could see all everybody else like all the erm pedestrians
D	mm
C	like turned to have a look he was literally at the crossing with
C	skis with wheels it looked mental they're not as long as skis
A	no
B	no
A	are they quick?
C	yeah
A	yes
C	he was gone he looked like a numpty though
A	oh well there you go
D	he's probably in
B	yeah I was gonna say he's he's not around here anymore is he?
C	but I yeah I've never seen that before
D	fantastic
C	I would've stopped to take a picture but it just wasn't he was gone
C	he was too quick
D	others have tonight
C	yeah I imagine they have
C	mm
D	was he on the road or the footpath?
B	are you okay? salt and pepper? what do you want salt or pepper?
E	er
B	or gravy?
B	both
C	he crossed
D	mm
C	he crossed on the path but then he went
C	onto the road
D	oh no no
A	oh gosh
D	like a Sinclair five isn't it?
C	mm
D	no you don't
B	okay? is that okay? do you want more?
E	can I have some salt please?
B	yeah I know but is that okay for pepper?
A	just go with it
D	just do it love
B	okay?
D	pass me some stuffing
B	yeah? yeah? okay?
A	er yeah no I will in a minute I'm just eating what I've got
E	yes I'm fine
C	no er I've been feeling a bit funny this afternoon so
D	have you? there's the you know this
B	yeah she had erm there's there's a bug? what bug?
B	what bug?
D	er the one where you go dizzyish and then some flashing lights like an almost a migraine but not then an upset tummy
B	oh right didn't hear about that
A	are you ready?
D	no
B	the tablets I got given the ones I had a prescription
D	oh yeah yeah yeah
B	erm so
E	thank you
B	I was warned about this but apparently they were first developed for people with erm depression
A	how's that?
D	oh my god my god
E	yes that's better
D	mm
B	but erm these the what actually happened was
A	tuck in before it gets cold
D	mm
B	they would numb pain and
A	that's a lovely
D	mm
B	just they would affect your nerve endings and was just basically good pain relief
D	uhu
B	erm
A	are you alright?
B	but they had no real effect on the depression
D	mm
B	erm
D	mm
E	cheers
A	cheers
C	cheers
B	cheers
A	grandpa says cheers
D	cheers papa cheers dad from the cook
E	cheers
C	mm
A	dad that's for a good day dad
D	mm
A	cheers
E	cheers
D	mm
A	we've been shopping today grandpa and I
B	what have you been doing?
A	oh we've been all over haven't we today dad?
E	mm
D	grocery shopping
A	we've been grocery shopping we've been filling the
E	mm
B	okay
D	mm
A	and we've been round the bungalow
B	yeah
A	which is almost ready be finished tomorrow
D	yeah
A	you picked your post up and and whatever didn't you dad?
A	you picked your post up
E	yeah mm
B	bread sauce
D	mm
A	it's lovely
D	mm
A	and it's doing so well
D	I
B	I
A	I've not been to work for years
D	would you rather have apple pie or bread sauce?
A	oh bread
D	you've been outvoted I
B	I've got to go back to these pills right?
D	yes tell me about the pills yes
B	but they had no effect on the depression so okay
D	mm
B	so I was warned about this but didn't pay much attention
D	yeah mm
B	and the dosage that he wanted me to be on was about fifty milligrams wasn't it?
D	mm
C	it was high
B	it was quite high and he said that a guy my size I could probably go up to about seventy-five and just be happy with it
D	mm
B	so
D	mm
B	the ones I got prescribed by the doctor were ten
D	mm
B	so okay so I took one on Saturday
D	mm
B	and was a bit bit tired
A	depressed?
B	no no
D	it's for tummy
A	it's for tummy? I missed it sorry
A	oh
D	mm
B	erm so I took one on Saturday
D	mm
B	and but obviously I was a bit hungover
D	mm
B	erm went to sleep but woke up on Sunday and was just
D	mm
B	zonked
D	really? ten?
B	woke up made breakfast had breakfast and ended up going back to bed and
B	you left me till about was it two o'clock
C	half past half past two three o'clock
B	yeah
B	and I'd been up but just couldn't stay awake
D	there's some apple sauce somewhere oh it's there
A	yeah it's there
D	have you had some? is it
A	I'm alright
B	so anyway
D	mm
B	would you like some apple sauce grandpa?
B	knew you would
A	homemade grandpa
B	erm so I took two
D	mm
B	I took two on
D	mm
B	Sunday night
D	yeah
B	and I've never felt so zoned out and not not with it
B	I drove drove to work and I couldn't remember the drive I could barely do anything at work I couldn't concentrate I couldn't I was just really down and really felt horrible
B	erm I explained to work that what had happened
D	mm
B	turns out someone else had been put on them for pain
D	mm
B	a girl next to me
D	mm
B	can't remember what she'd had she's got a condition where she's almost always in pain
D	mm
B	erm and she'd been on them as well and she said
D	mm
D	oh god
B	read the side effects
D	mm
B	and I'll just quickly reel some off now
D	oh my god
A	oh
B	okay so I only took I only took two pictures of of the leaflet there was
D	mm
B	there was a two double
D	mm mm mm
B	this was the first thing I
D	mm
B	er take special care with er amitriptyline
D	mm
B	erm thoughts of suicide and worsening of your depression or anxiety disorder
D	oh god no
B	if you are depressed
D	this is awful
B	and slash or have anxiety disorders you can sometimes have thoughts of harming yourself or killing yourself these may
D	this is awful
B	these may be increased when first starting antidepressants since these medicines all take time to work usually about two weeks but sometimes longer you may be more likely to think like this if you have previously had thoughts about killing or harming yourself if you're a young adult information on
D	oh my god
B	with psychiatric
A	yeah they're they're just covering themselves
D	that's not good
B	they are covering themselves you can tell they're covering themselves when they put effects on brain and central nervous system include
B	tiredness headache weakness confusion disturbed concentration disorientation delusions
D	mm
A	hallucinations
C	hallucinations
B	hallucinations
A	hallucinations
B	erm elevated mood and
B	hyperactivity excitement anxiety restlessness
C	which is hilarious because that's the complete opposite of this
B	opposite yeah
B	restlessness drowsiness dream and sleep disturbances numbness pins and needles loss of coordination uncontrolled shaking abdominal muscle movements slurred speech coma and fits and there's also a thing for blood effects on the heart effects on the ear
A	well it sounds like me most of the time
B	yeah
B	bad isn't it?
D	it's
C	I I got home from work on Monday
B	I was gone
C	I and he was already asleep in bed I had a yoghurt
D	mm
C	and then I went to the gym for an hour and a half with
B	I was gone
D	really? uncontrollably gone
B	yeah like
C	so I got er I had a shower and then I said look
D	mm
C	I I think you should get up have some food
D	yeah
A	mm
C	just try and stay see if you can just have a few hours of just chilling out
B	but I was in bed within a couple of hours wasn't I?
C	oh yeah you managed to have some have a bite to eat and I think you maybe had a
D	oh god
B	absolutely gone
A	yeah
B	worst comedown ever
C	mm
D	so what does the doctor say? if er if things aren't working out
B	oh I'm just not doing it I'm just gonna
C	no he he stopped straightaway
D	mm
C	it was a shame because it was it was definitely helping his tummy
B	oh stomach was amazing
B	couldn't feel anything not
A	yeah
C	I was gonna say to you about that though like
C	I I think you might need to contact the hospital to find out what's going on because obviously the last time you saw the doctor
D	mm
C	he said let me know how the ultrasound goes and if we need to book an MRI we'll book an MRI
B	mm
C	and he might cos he's got obviously got so many patients I bet he hasn't kind of twigged that you've had your
D	mm
B	mm
C	yeah
D	mm
C	he had to pay the fifty pound excess
A	mm
C	but other than that they'd cover it
C	so
B	yeah they'd already paid for
B	er I think they they put the bill through and they filed the up the invoice
A	yeah fine whatever as long as it's alright that's all sorted
B	yeah guy at Bupa was the guy at Bupa was lovely to be honest they're they're actually a really nice
D	mm
B	they're so nice erm he was like yeah happens all the time it's really bad
D	where are they based?
B	dunno but this is
B	dunno but this was obviously done through work so it's done through erm commercial
D	mm course erm at one point
B	mm really nice people
D	oh
C	who?
D	a a friend er erm
C	I know
C	just because you know everyone
B	I went to school with her daughter didn't really know her
D	mm
A	erm her daughter's now got three
D	two children
A	children
D	mm
A	and she looked lovely the last time I saw her
D	mm mm
A	which surprised me
D	mm anyway
A	yeah
D	mm
B	so I'm talking years
A	but I I bumped into I bumped into
A	was
D	like erm Wayne Rooney's little
C	yeah it's quite it's quite a popular name
A	she was
D	mm mm
A	and I thought and I thought and then I went
D	mm
A	I put everything together
D	mm lovely little people aren't they?
C	mm
D	do you need any eggs?
C	yes
B	we do need eggs
D	mm
A	course we've only got six left and
D	yeah
B	I almost bought er duck eggs the other day
D	did you?
B	well we were running low but I realised we were coming here so I didn't
D	mm
A	yeah
B	a pound for six
D	mm was that for duck eggs?
B	yeah my boss has er
A	just make sure they're well-cooked because duck duck eggs can
B	can what?
A	Salmonella
D	mm
B	I dunno if the ducks'd be jabbed or anything?
A	not it's not it it's sorry they always say that obviously compare er well obviously
B	mm
A	so their
D	are you alright
C	yeah
C	I'm in some pain but I don't really know why
D	mm
C	erm I my friend well you know
A	er
B	Virgin Active?
C	yeah but they call it something really pretentious
B	what?
C	like what's it what's it called? you know like er
B	what? for Virgin Active? what about it?
C	no you know like when like posh people go to the like somewhere where you can play tennis and whatever?
B	oh
C	like it's called like a
B	country club
D	mm
C	like it's called it's called something fairly pretentious
D	mm
D	is she a member?
C	she was
D	mm
C	she's moving now
D	is she?
C	yeah erm so yeah I literally just went we did did a bit of everything really they've got brand new like machines in there so you can
E	mm
C	but yeah it's quite nice
D	mm is it at
C	erm it's
C	it's near erm the police station in
D	oh is it?
B	I never knew there was a police station there
D	mm?
B	never knew there was a police station there
D	mm yes
C	yeah so I did that on Monday and then I
D	mm
C	and erm it turns out I'm doing three-and-a-half miles every day I get the bus
B	the train
C	to get the train
D	wow
C	yeah so that's a bit of exercise
A	that's good yeah
C	so I've got the train Tuesday and Thursday this week so I've been achy this week
D	yeah that's good
C	the last time I obviously went to circuits with you was back in like May some time
A	but the train's
C	and I haven't I've been er I checked on my phone the last time I went for a run was at the beginning of June
C	so I have literally haven't done anything since we came back off holiday
B	was it in the woods?
C	yeah
B	yeah
D	well
C	so yeah and so
D	this is what people do
C	my body was my body knew I'd been to the gym on after Monday put it that way
D	uhu
A	well this is the first evening in weeks that your mum
D	mm
B	is that why you weren't at yoga and whatnot?
D	three weeks mm
D	I even had to stop yoga
C	really?
A	she's been very very
D	mm
B	spores
D	mm
A	mm
C	well I did wonder
C	mm
D	mm
A	she won't tell you but
D	I've been using a lot
B	have you?
D	yeah
B	you've got the the
D	no I haven't used the I haven't used the machine
B	mm
D	I'm using the Serevent erm at night and in the morning which is the preventative
D	I used to
B	like on a Sunday evening
D	and I had to put the mask on
B	every Sunday and we'd go to hospital
D	mm
B	and I'd be like is she dying?
A	yeah so
D	but there you go
A	hey or she'd get bitten you're lucky you're lucky
B	I know well
A	and I was and she was taken in and given her last rites and I said
B	yeah or you'd get bitten by something
A	twice
A	and your hand would be up there or your arm swelling
A	and we'll go
B	yeah
A	hey welcome to welcome to
B	yeah
C	mm
B	happened before just get her on the
B	drugs and
B	oh you can't go home tonight what? what do you mean she can't go home? yeah she can't go home oh great
A	hey come on
D	mm
A	she's done great today
D	mm
A	you've done great all week Mrs
D	mm I'm better I'm on better side
B	what what was it? when
D	I was gardening on a Saturday and I got bitten here
B	no it was the elbow one
D	no here
B	it was the elbow one
D	oh yeah
B	not your hand
D	in the lymph here but went to mum's to see mum didn't we? on the Saturday
A	mm
D	no er I was bitten on the
A	took you straight I took you straight to hospital
D	and it's like I was wearing a pink rubber glove that was inflated up to here there was a line here
A	took you straight to the hospital didn't we?
B	no I took her to hospital
A	I no I came up
A	yeah like had to keep they kept drawing
D	it was weird cos I
C	god
D	I know and then there was something in The Daily Mail about things that had been the sort of bugs that had been
C	god
B	and that's picture obviously doesn't do justice
A	no that's right
C	you can still see though
D	oh my word
A	I er I only went
D	mm
A	to
D	mm yeah oh yeah you got bitten on your hand and we had to get your
A	I went I went up a friend of mine he was getting married and we went and we did paintballing and go-karting and quad biking and everything
C	mm
A	that's the tree before they chopped it down that's where we put the extension oh
A	oh he was
B	no this was all one time just did it once
C	oh yeah
A	we had a fantastic night
A	I had er I had a fantastic night at
D	oh wow
A	hand
A	on my finger
D	mm
C	by a little bug or something?
A	something while we were playing paintball it was er Predator wasn't it? you moved he shot you
A	I mean he was in full Predator kit he looked like the Predator
C	yeah
A	and he had a fully whatever
D	oh yes
A	we just had pump action
D	ah look at that
A	and I managed to drive home somehow on the Sunday
C	with like one hand?
A	with one hand down the A1 from
A	er in their halls of residence I got back and
A	they got home I dropped the best er sorry the groom off
A	dropped the groom off in
A	I got back and
A	luckily I'd taken
D	oh god yeah
A	and I went down and it was a Sunday and it must've been about half past eleven quarter to twelve and managed to get into Boots in
C	mm
A	and they took one look at my hand and they said you go straight to A and E
C	god
A	by which time er remember that?
D	oh yeah
B	mm
A	and they said again my whole hand and my arm was like this
D	mm
A	and they said if it gets past your elbow you're gonna lose your arm
D	I know in this country bugs from this country
D	ridiculous
B	that could've been a erm black widow thing whatever they are
D	there's something isn't there?
A	no it wasn't it was a
D	it's like those those ones with the long bodies that that we used to have under the apple trees they weren't very nice used to get your legs
B	and malaria
D	maybe good
B	malaria you don't want malaria
A	no
D	it's
D	is that
A	how do you put up with him?
D	who's that?
B	who is that?
C	I'm kinda used to it now
D	I know who is it?
D	I don't know him
D	who is it? why have you got a picture of a bloke on your phone?
C	let's have a look
A	that's
A	I know him
D	you don't know you don't know him at all
A	I do know him
A	he's no he's er
A	he's he's
D	you don't know him
C	is that matey from uni?
D	mm
B	who is he? who is he?
B	I've shared a bed with him
A	yeah
D	I don't know who that is
A	course you do
A	you do
D	cos he's in your company
B	he was he wasn't in my company
D	who is it?
D	I don't know who that is
A	well you must know who it is
B	you know who it is
A	I do but I don't remember his name
C	they look like a
A	I can't remember
C	they look super dorky whoever
A	it'll come to me if er I have chance but no I do know
A	I've met him before
A	I can't remember names
A	I can't remember
D	no
B	mum mum doesn't know who oh yeah yeah yeah mum didn't know who that was
A	that's
D	it's
B	so so who's that?
D	I don't know who that is that's not
B	it's er it's
B	you know him don't you?
B	I dunno if it's skipping
D	he likes to skip
B	and I did have to share a bed with him
D	did you? oh my god
A	is that
C	who's
A	told you
D	he shared a house with
B	my
A	yeah I just told you I knew him
D	yeah
A	I'd met him I knew who he was
B	did he share a house with them?
D	no he was always there
D	he was just constantly there
D	bit odd that's
A	he did
C	and yet you didn't recognise him?
B	you didn't know him?
D	didn't know it was dark
B	cos I've sent that picture of
D	uhu
B	he sent a picture of
A	mm
B	that's who we were with
B	before Snapchat was really
A	mm
D	oh god you had
D	he looked familiar but didn't know who it was
A	well I knew
C	erm so on the train on the way home yesterday erm it was very
D	the train's coming out better than the road at the minute
C	I would like to point out right this train is very very busy on the way home right?
B	this train is horrible
D	oh
C	erm there's two now how am I gonna say this without sounding bad? two Arab-looking girls like probably about
B	Arabian looking?
C	I don't really know I mean they're clearly British
D	mm
C	but just parents
C	parent yeah
D	mm
C	and erm they were on the train yesterday must they must be about eighteen right? talking very very loudly about some like fairly like risqu√© stuff and I was like
D	oh
C	why would you want the entire train to know this stuff? like one of the girls was talking about erm well they were both actually talking about erm
B	arranged marriage
C	no sending like nude photos to to boys and stuff
D	no
C	and one of them
C	clearly kind of broken up with a boy fairly recently and they'd had to have this awkward discussion about how they were each gonna delete like
C	photos photos
A	oh right
C	that they had of each other and stuff
B	you didn't get their numbers?
C	and then and then this other girl starts talking about a guy that she'd been talking to she was skyping him one evening
D	mm
C	and erm he needed a shower so she then proceeded to say that they carried on talking he took the laptop into the the bathroom with him
C	and carried on talking to her while he was having a shower
B	standard
C	and then her friend was like
C	oh so you saw everything? and she was like yeah but like er no word of a lie these these girls weren't talking quietly they weren't even near me they were like probably like
D	did anybody else flinch?
C	well the the woman next to me was kind of a bit like
B	really?
C	clearly yeah
B	yeah
C	they they were at least
C	there were at least three rows er in front of me and on the other side of the train and I just thought like you literally are telling this entire carriage about your personal life I don't really understand why
D	and nobody flinched then? it was
C	nobody
D	they were all listening and they're all talking about it tonight
C	yeah
B	yeah
C	the rest the rest of the carriage was
C	the rest of the carriage was quiet so you could tell that everybody was a bit like
D	was er er er oh
C	everybody was a bit I think everybody was just a bit like
A	didn't she do it?
C	no
A	well I do every time I go out I walk around
D	no no no you don't don't even joke
A	no I'm joking
D	you'll have to get in the carriage again to see if it happens every day
C	I know
D	and we need an update
C	I couldn't believe it though and I just thought why would you want? why would you
C	yeah but you know like
D	oh
C	you just think they could've there's er even if they wanted to talk about that they could've done it in hushed tones they could've kind of but they weren't they were like they were basically shouting it to the whole carriage and I'm just like
B	wahey
A	but
B	wahey
A	what about all this stuff going on at the moment?
D	tacky
A	about all these leaks that go on
C	yeah
D	what leaks?
B	who do you wanna see naked?
A	er
B	just go just go and have a look
A	well you know fine
B	I'm not I'm not
B	okay so my phone
C	basically er a
D	mm
C	a lot of celebrities' nude photos are appearing on the internet
D	oh right
C	and they're private photos that they have taken themselves to share with close
D	right
B	yeah my my phone can sync to the Icloud
D	right
B	mine isn't dunno why but it isn't erm and if you take a picture it automatically uploads there and it's stored privately
D	oh yeah
B	for you
A	it's we
B	there's a bug in it er
D	mm
B	er there was a bug in it and people exploited it and
B	found all these nude pictures of celebrities and just pictures of whatever and it's just all online now
A	er just not not all at once they
C	oh yeah and they but the thing is they clearly like they clearly spent quite some time collecting all of these images and er
C	it is it is quite funny because you
C	there is a part of me that's a bit like if you take those kind of photos
B	oh
C	you are opening up
D	course you are yes
C	even if
B	yeah very illegal
C	it would've been it would have been just as easy for somebody they'd sent them to to make them publicly available you kind of put yourself in a fairly vulnerable position
D	yes
C	if you're gonna take photos like this
D	yes
C	but some
A	however don't I look good?
C	yeah well that's the thing some some people are like
C	yeah
B	like this is er this is er way beyond erm like acceptable this is totally illegal er it's whatever er the
D	mm
B	the guy who's just been put in charge of I can't remember what it is it's something to do with European laws to to around this stuff
D	uhu
B	I can't remember what his title is erm he seems er quite seems to be quite out of sync with all this technology
D	yeah
A	mm
B	he basically turned round and called all these celebrities idiots
D	mm
A	that is it
B	very publicly which I think is
A	actually he's absolutely right
B	but it is very much
A	it is
B	illegal and should never have happened
D	mm
B	you wouldn't just turn round and say that
A	he actually just said
C	no but have you
C	er a group of celebrities
C	are now suing Google though did you see?
B	what for?
C	erm because Google er
C	no no no the yeah basically they're claiming that Google didn't do enough in the
D	to protect them
C	to well no not to to protect them but when when they got leaked they could've actually helped basically stop people being able to search it
D	uhu
C	but actually what they did do was make loads of of money off the fact that everybody was searching for nude photos
D	right
C	so now a load of celebrities are saying well actually
B	you're distributing illegal
C	Google yeah Google Google could've helped the situation they did not they would rather have made money off it
C	so they're in the wrong because they're helping distribute
D	yes yes circulate
A	brilliant
C	but it
A	and now the celebrities are
A	because they were stupid enough to put their nude photographs out there
D	mm
A	Google didn't stop it so they can be
D	mm
C	yeah
D	yeah
B	some people will benefit from it
D	oh oh you've got a little bit of food there
B	oh yeah
D	that side yeah that's it
B	it's just a little bit
D	yep there we are
B	a little bit
D	was would you like a pudding?
C	oh
C	I'm really sore and I don't know why
B	what the fuck is this?
A	alright darling
B	what's wrong with you?
D	gym it's getting back into shape
A	oh
B	I don't understand what
C	you're funny
C	erm you know you said
B	erm well it didn't cut out he hung up on me
C	oh
B	he er
A	yes
B	so the planners had already well the the local council had said oh we were gonna we're we're gonna disregard that complaint already erm but we were gonna refuse your planning because
D	anyway
B	anyway because of oh oh I've just driven past
A	have you
D	it's being denied
A	have you agreed with him? cos you don't know any other
D	well I agree with him that they're being
B	you agree with anyone you agree with Daily Mail non-stop
D	they they they're being blocked
A	I am now
D	they're being blocked and this
A	I am now reading The Daily Telegraph
B	it's not like it's brown
D	no but all the same
B	she's not a chartered surveyor
D	she is a chartered surveyor
A	she is
B	she's chartered?
D	she's chartered
A	mm
B	how's she chartered?
D	through her degree
B	I thought she had a masters in
D	she has yeah
A	she has
B	really?
D	she is qualified though
B	doesn't mean she's chartered
D	think she is
A	I'm sure she's doing that now
D	oh is it?
B	cos now she's with graduates
D	oh well she will be er she will be chartered but he was saying
B	she will be
D	that he'd have a chartered accountant in the village who could help with parish issues
D	you'd have a chartered surveyor in time
C	I didn't do anything
D	in the village who could help with say things like getting planning through for portacabins for schools and things like that
D	and they're excluding people like that from the village
B	yeah what about it?
D	well they should be encouraging people like that into the village
B	I don't think they care
D	they don't do they?
B	no erm so what
B	was that your that was your point?
D	yeah
B	oh I thought you were gonna say something about why they were blocked
A	they were blocked because they can't
D	cos they'd made their mind up that they weren't going to
A	because because the
D	on strike said to
A	to
D	mm
A	you'll never build anything around here I'll have you at every step
D	I'll make sure you don't
A	he's
B	really?
D	yeah he said it forty years ago I'll always block any building cos he was jealous of
D	yeah
A	he was a little
A	every time there was the bit of oh there's a fly in our tea everybody out
D	on strike at the quarries
C	I don't necessarily think it's a bad thing though
B	yeah I think it's probably a good thing let's face it
A	though
B	we were trying to explain to we
B	and we had to draw a map of how close it was and she was just like oh oh well that must be really awkward for him and we were like no he loves it it's
D	mm
D	but they're not but what the
B	yeah I know but
D	mm
A	we're not gonna get involved
B	no
D	no we mustn't get involved
A	I've already offered him
D	he asked if he could if he could build
D	he's joking he was joking I said no
A	and you could have
B	probably could
A	you could have one sorry he asked for three you there's only four
D	well we're not here no you can't
A	don't we got a letter from him
B	about what?
D	oh
A	we mustn't
D	because
C	that's not you anyway is it?
B	did you reply with I have no access to your land?
A	no he didn't he it was a nine a two thousand and eight letter with two thousand and eight crossed out copy of it crossed out in two thousand and fourteen in a used envelope and it was slit open
A	and the address didn't fit whatever and just scrawled across the front Mr and Mrs
D	but I knew
A	and it was shoved through the door while I was
A	I heard him
D	but he said we
A	the funny thing was it
B	oh wait er so so who got?
D	they all they all got in two thousand and eight
B	mm yeah yeah yeah cos he
A	and all of a sudden signs went up everywhere and everybody
D	got a letter
A	everybody down
D	mm
A	and
D	she doesn't even back onto it
A	she doesn't even back and she
B	mm
A	and so I've got the same letter again from photocopied and it's from his solicitors not from him with the date of two thousand and eight crossed out and two thousand and fourteen written in ink shoved in an envelope that was obviously from a bank or a building society you know with a window
B	yeah
A	so it was open shoved in with our name Mr and Mrs
C	thought that was the cat
D	where is he? no it's
A	er and
D	mm
A	and er it's the
A	it's the people cos he won't clear around the stile to keep the access clear so somebody else has cut it back and dumped it in the ditch
D	yeah
B	really?
D	mm
A	and I've met the guy who and
D	so that people can get through
A	and he used to meet him
D	go and get your inhaler
A	no I haven't got an inhaler love I don't have an inhaler
D	your er your zappy thing
A	that's different
C	well he's he's not doing himself any favours because if he'd have been if he'd have approached the whole situation a lot better a few years ago people would've been kind of
A	no no
A	it's not that no no no
C	is it?
A	what he needs to do is just spend some money
B	yeah he needs to cut his boundaries
A	and he needs to go back and halfway along this bank or two-thirds of the way along this boundary at the back of the bungalows there is
B	a gate
A	a gate double gate with it's er a house plot with so it's as wide as from here to there
C	so wait he's sent you all letters telling you to fix your boundaries rather than trying to get him to pay his own?
A	no yeah er no no no no no sorry no no no
A	you've got the field you've got the big field there at the back
C	yeah
A	there is from the stile across to a stile
C	yeah
A	from the footpath opposite side of the field
B	far side stile
D	yeah
A	right far side
C	yeah
B	yeah yeah yeah yeah yeah
C	no I get I get what you're trying to say
B	yeah yeah
A	okay
C	but the
A	no no no no no no no no do the
A	oh you can't you can't then there's a boundary fence across there at the back of the bungalows
D	uhu
A	which goes onto our back boundary here and every single bungalow across there
B	has a gate
A	has a gate into the field
D	they put them in themselves
A	they all did it themselves not allowed
D	not the builder
A	there's no they broke through the fence that was there so they could go into the field
A	not allowed there's no access they're not allowed to
D	mm
A	right in the middle there is er one plot worth left and there was double gates across there and they've fallen apart
D	uhu
A	and although there's signs saying there's no public
B	and all over town
D	yeah
A	and of course people are using it for walking and whatever so what he's written to is everybody along the boundary here saying you you're not allowed to access from your property onto my property close your gates off or I'll prosecute you're also not allowed to tip your garden waste in my field
D	mm
A	there's only one person does it next door but two who dumps it right in the corner here of my garden and
D	and
A	and he dumps er dumps it there so the farmer comes along and blames me
D	and
A	and
D	the old boy
A	who's eighty
C	but does if you guys don't tell him how does he know?
A	well we do tell him
A	I've told him
D	he's never here he lives in
A	he lives with the other side of
B	north of
D	and
D	but he won't come here and talk to
A	which seriously
A	there was not a single person walked their dog there was no worn footpath at the back er along our
B	yeah that's all only ten years old maybe
D	mm
C	so what
A	no no no no no you've missed
B	there's two there's two
C	oh okay
A	it's it's from there to there
B	it's from it's from this stile to that stile
D	yeah
A	or from there to there
C	oh okay
A	but people now walk all the way round the field
C	mm
D	mm
B	there's er
C	yeah
A	and
A	and then there's a diagonal
A	and just whatever
B	because obviously that impacts the person who leases it for hay
A	hay
D	mm
A	however and this is what I would really like and I I can't remember it there was a it was on countrywatch Countryfile
D	yeah
A	and it was a farmer who had got suddenly hit with this notice about his field
B	was it about the footpaths?
D	yeah
B	yeah
A	about about people dog walking
D	yeah
A	and he said look they've done this and he's got a
B	yeah
A	and he said there's no public footpaths there's no nothing and all of a sudden it's become
A	somebody applied to make it common land
D	land yeah
C	there's also people going back to like plans from like hundreds of years ago
B	yeah
C	and saying oh
A	ah no this is where yeah
C	this used to be a bridleway so now it has to
B	yeah
C	and like there was er the one on Countryfile then was
A	this
C	it was a courtyard wasn't it?
B	it was in the middle of a farm yeah
A	yeah exactly
C	and they they were allowed to go straight through the courtyard of the farm
A	ah well exactly well the
B	middle of middle of this
C	yeah
D	mm
A	course the funniest one is when you go out
B	yeah
A	before you get to
A	there's a public footpath
D	there's a footpath because
A	if you follow that and if you follow it the
D	yeah
C	I took you to
B	yeah the one that there's a walk in
C	and you walk straight through you walk
D	yeah
B	but it is very much in their
C	but it's er it's clearly private land
B	yeah
C	and then you have to walk across their driveway
A	yeah
C	through another paddock
D	wow
C	like
B	mm
C	cos that's just the public footpath
A	but that's how it is
A	but the thing is here
C	but they've put they've put on you know like they've put up like little you know like stakes with er
B	yeah but there's er there's signs and stuff
C	yeah
B	and er it's very much you stick with the path
D	mm
A	but you see the the again looking at it when you work backwards if you go right the way back to to
B	yeah
A	that's where it was the end of the town this was a big camp
B	yeah
A	it was a labour camp
B	it was yeah
A	in the old days er and er orchards but there has always been a route from
A	that ran through here and carried on up over the hill just where it is now in the woods
D	yeah
A	and when they built the estate that's why the public footpath's there
B	yeah
D	yeah that was the main road yeah
C	mm
A	because that has always been there they've had to divert it
D	mm
A	to get through the estate
D	cos I've always
B	technically it should just go straight through
D	yeah
A	er straight line
D	it does technically yeah I've always said to your dad we should have er a metal detector on the er there the back of the garden cos there could be anything
A	you wouldn't believe the amount of rubbish I've thrown on the back there that's metal nails nails nails nails air gun pellets air gun pellet air gun pellet air gun pellet
B	really?
D	mm
B	it's
D	are you feeling man enough to?
D	mm?
A	but I can't
D	mm?
B	just the last one I did was a bit of a
A	erm so yeah
B	it took a took a while
A	so it's a bit awkward at the moment
B	a few shots
C	mm
B	it was right at the back
D	yeah
C	it's all part of the fun
A	because I don't want anybody walking past the garden because we've taken the hedge out and it's thinning because nobody should be walking there
A	and next door
D	we've gone nimby I think we're officially nimbys now
D	not in my back yard
A	not in my back yard
A	now I thought I
B	oh apple pie? apple pie apple pie
E	wahey
A	when it when er when they lost the chance of planning permission I thought of
A	but I reckon it's gonna cost me the best part of
B	what's this? what are you buying?
A	the field
B	yeah it'll cost you a bit that will won't it?
A	and I reckon I mean acreage wise I know what it should be er and what it's worth I know what it could be
B	would he er would he have to know it was you?
A	no
B	would you do it anonymously?
A	not
B	yeah
A	no
B	but not to him
A	it's probably worth about a million million and a half
B	yeah
A	to build on that
B	mm maybe even more it's quite a decent size
A	yeah I know
C	it's yeah way more than that
B	yeah
A	yeah but er but yeah but
B	oh is that to
A	no that was
A	that's without permissions that was just a
B	tell you what you want on there
A	there's no permissions on it
B	you want some bungalows on there
A	but
B	oh er
A	but
C	no they are moving
D	are they?
B	they are moving
A	where are they going?
C	they've bought a little chalet over
B	like
D	oh
D	oh yes yes yes yes down there?
B	yeah
D	more central
B	they're gonna yeah
C	well erm it sounds like it needs some work doing but basically they're they're downsizing but not actually downsizing so
C	they're selling their current house pocketing
C	pocketing the difference basically
B	yeah
D	yeah
C	and hoping that'll mean that erm
B	so they're selling their three-bed family-size bungalow
B	same size as grandma's really
D	yeah
B	erm yeah er same size as
A	dad do you want er a drop more?
E	I'm alright
A	you're alright? okay
B	same same size as grandma's
D	mm
A	grandpa's okay grandpa's okay
B	okay same size as grandma's really
D	mm
B	erm
D	wow
B	and they're gonna get a thing a bit like the ones up the road that is a potential three-bed but but probably two-bed
D	okay uhu
B	or was it a four-bed?
C	four-bed
D	mm
D	but one of the bedrooms is downstairs so it's more likely to be like a snug
A	a snug yeah
B	like
C	yeah
B	good stuff that
D	there we are
B	got any custard? got any cream?
D	I've got cream ice cream
D	and I have got custard
B	got any custard?
D	mm
C	I might try a bit
D	yeah er
C	I'm in a lot of pain
D	I'll put the custard on shall I put the custard on?
C	I don't
C	it's like my
A	I'm sorry I I don't yeah I'm not very good
C	yeah it's like my ribs ache and I don't I don't even know why
A	I'm sorry I I'd I'd love to console you and whatever but I'm not very good at this
C	I know
A	I'm sorry I'm one of these slap you round the face and you'll be alright come on pull yourself together
A	not
D	just made
C	ah
A	oh
A	that cat's missed him
C	he's missed the cat
C	yeah yeah
C	I thought she'd go straightaway
A	yeah yeah well she's still there she was certainly there this afternoon she was crying like anything
C	ah
A	ah it's terrible
B	I don't want mine hot
D	oh don't you?
A	just about lunchtime-ish I've got
C	I want warm custard
A	I've got
A	and I've got two
A	and he's wanting his I've I've lost one
B	yeah
A	so it's er it's fun
C	mm
A	I just hope you remember this when I'm old
C	it's a long way off
A	yes er next year
B	is that warm?
A	I've no idea
D	no put it in the oven I don't want it all soft put the oven on again put the top oven on put the pie back in the oven
A	just
B	shut up
A	no it's it's cold
B	no leave it
A	it's cold
B	just leave it
A	get it hot mum put it in the oven
B	why do you
C	you're such a wind up though you do it to me
C	I hate it
A	yeah but look she's missed him
C	she can have him he winds me up
A	don't offer er she'll have him back like that
A	you've lost you'll have lost him
C	he hides around the house and like jumps out at me
C	he's an idiot
D	did you want some custard with it dad?
D	do you want some custard with it?
A	custard cream or ice cream?
D	custard cream or ice cream?
D	custard?
B	yes please
B	erm tell you what you want you want a gas hob
A	we've just thrown one away
B	they're pretty good though aren't they?
A	they're fantastic but we're not allowed one dad's had to
B	but you don't have gas here do you?
A	gas? it's there's pipes underneath there
B	you don't you've never had gas here though have you?
D	no
A	no
B	oh did you?
D	mm
A	here we go
D	mm
A	dad's
D	ceramic
A	whatever whatever whatever electric hob there was a brand new dad
D	gas hob
A	er there's a brand new Neff hob which went into the skip
B	you why didn't you sell it on Ebay?
D	no didn't he take it with him to sell?
A	no
D	didn't he?
A	once he said I said
D	really?
A	and it
D	oh hey
B	oh it's I thought it was the cat
A	oh I can't do everything
B	well I'm just in here
D	yeah
B	go on
A	no yeah so yeah so I
A	I'd like one
B	why not
D	I don't like them
B	you don't like them?
D	I grew up with it I'd rather have ceramic
B	ceramic's a bit safer in my opinion
D	cleaner
C	yeah but you can't control the heat
A	you can't control the heat
B	you can't control the heat on ours ours is so hot on the lowest setting on the smallest hob
A	so
D	it's
A	have you got electric electric or have you got gas?
A	you've got a gas hob? oh right
D	definitely
A	yeah I don't know any different to be honest
B	hello
A	oh
D	he loves you
A	erm
D	we did
A	erm had gas hob and gas oven
B	do you want ice cream mum?
A	but I've never
D	do you want ice cream?
A	er my mum and dad never had gas
B	go on
A	my er we've never had gas so
B	did you used to have those metal rings?
B	you never knew if they were on or not
C	yeah
C	the ones that are iron topped is it iron?
B	yeah
A	they were sort of about that wide and they curled round and when they were cold you could get hold of them and pull them up they were unhinged they came up like this you could wipe out the muck that was all fallen to the bit underneath
B	no ours wasn't like that
A	well no I'm talking about when I this is the sixties
C	erm don't suppose you have had the chance to look at The Daily Mail or anything today?
B	no I
C	there's erm there was a story today about a study they've been doing in the US and it's the first study of its kind to see that
A	yes
B	really?
C	yeah
A	it's erm
D	Alzheimer's is?
C	there's some Alzheimer's research going on in the States
C	that actually shows erm people getting better they're starting to remember stuff
A	it's a memory thing
C	yeah
A	it was on BBC you can actually
C	it was really high actually it was like something something like ninety percent of patients started showing erm signs of
D	improvement
C	yeah
D	wow
A	so if if any of us ever get Alzheimer's we're alright
C	there's hope yeah
D	there's hope
A	there's hope
D	yeah oh my word
A	well I I I I've only got it mildly
A	your mum's just mad grandpa hasn't got it
A	no no no no no no
B	it's a kind
A	it's a kind it's a motor motor neurone
D	can
C	there we go
E	thank you
A	yes please
C	I'll have a little bit please?
A	oh careful
B	yeah she doesn't want a lot she wants to give the rest to me
A	I'd rather have cream and sugar
C	thank you very much
A	just there
B	oh yeah
A	oh nothing fits me now I'm
C	that's is that who that's who you got
D	er could you put some custard on for grandpa please?
C	that's who you got it off isn't it? it's hereditary
B	bloody hell
D	custard please for grandpa
B	you didn't want the custard warming up?
D	it is warm
C	yes please
C	yeah plenty please
A	okay?
C	thanks
D	there we are
C	thank you very much
C	mm
A	er whatever love
C	that's lovely
A	yeah put your napkin back on dad
E	I will
A	yeah I'm just reminding you
B	he's alright he's alright
D	there we are
B	mm
D	and you want cream darling? and ice cream?
A	I want cream with sugar
D	no
B	sit sit down
D	no the sugar the sugar dish needs sugar bowl needs filling
B	yeah well okay well we'll deal with that
A	it's alright
D	washed it I've washed it you see
B	well I can do that I can do that
D	no I wanna do it
B	oh my god
D	put a teaspoon in it then and take it to father
A	would you like a fork to hold it dad? or are you alright with just a spoon?
E	oh I can manage
A	you can manage thanks
B	what are you doing?
B	bloody hell
D	what? do you
A	I've got the cream I've got
D	you've got the spoon the tea I said teaspoon
B	yeah I'm doing that
A	I've got a teaspoon
B	stop going on about like forks and that
B	er not
B	unless you wanna get up and do it yourself?
D	no no I'll have Elmlea
D	do you want some ice cream darling? cos er
A	I don't want ice cream I just
A	I don't like ice cream
D	okay thank you very much that's for you or whatever you want of it
A	now
D	yeah
B	yes
A	I also I'm
D	just thought it was so nice of
A	but I've no idea of but I also need to get down at least at least two maybe four paving slabs of mine
D	yes
A	er I have a bit of trouble carrying them at the moment
B	okay
D	mm
A	erm
D	get the trolley out as well
A	because I've got to make a step
A	er and possibly one at the front just one high and then two and then even one if
B	okay
A	that's before I get the erm occupational therapists in to do an assessment
D	mm
B	sorry dad two secs
A	mm it's alright
A	just a temporary thing
D	not the Taste the Difference but that was lovely
A	yes well
C	it was nice thank you
A	that's all done that's all ready and working
B	yes
A	er I've also till we get and he's still deciding but I think erm he's got a er Digibox
D	right
B	Digibox? Sky? or?
A	no an ordinary
B	oh mm
A	Freeview
B	okay
A	from and it's lovely his TV works perfectly which is
B	not doing Sky?
A	it's up to grandpa
B	okay
A	but his TV cos he obviously he'll go in tomorrow without anything
B	yep
A	but the TV works perfectly I've done that as well
B	mm
A	got him with the dentist
B	oh this isn't very good
A	I've got him with the dentist next week yeah?
C	don't know
A	week after we're at the hospital for something
D	cos you haven't had much dinner you have first pick
B	yeah
D	there is some more still left over so
A	er we've got we've gotta go to plastics oh his MRI scan
B	Sunday?
A	yeah
D	mm that's what you get with the the old NHS you know
A	and it was at five to nine it's now at five past three cos he can't get on the scanners so I can't go in with him er
A	yeah
D	custard
C	thank you
A	and then he is er on the twenty-first
C	mm
A	he's with plastics because his cancer's back
B	oh right
A	on his face
C	thank you
A	like that's under the eye and behind his ear
C	that's
B	okay
D	mm
A	so er I'm pretty busy with him
D	more custard dad?
E	I'm alright
D	you're alright?
E	mm
A	pretty busy with him at the er doctor's and dentist and hospitals over the next month
C	you didn't think it was gonna get easy when he left did you
A	no
D	we know
A	no no chance but the thing is though I didn't have to do anything about it we could've left it as it was
B	what? just everything?
A	just left it
D	could've left him up there
A	yeah it's alright
B	mm
A	all all of a sudden everybody
A	all of a sudden everybody cares when it's it's er obviously you're not there
D	mm
A	well not everybody you know what I mean
B	yeah
C	what
A	well yeah no we're not er
D	mm I thought you meant invite him up there
C	yeah I did
D	no yeah
D	mm
A	god no asked them once and that was it
D	erm supposing
D	oh no but
B	this year?
A	oh bloody hell you can go if you want
B	really?
D	yeah
B	I didn't know about this
D	yeah
C	just saving it for later
A	oh sorry
D	it's not actually practical at the minute
B	we have we've we've got quite a bit of time off haven't we? we could
A	well you could go
B	we could go
B	yeah
D	has he said anything about it?
B	basically
D	but it's not for him to issue an invitation
B	no I've basically been trying to
A	they love him
B	trying to give it the oh well maybe some time in the summer when it's nice or maybe we should do something er well he can't but
D	he's no time cos he's used all his study time hasn't he?
B	he has he has two weeks off at Christmas
D	yeah
B	no time? he's got loads of time
D	yeah but that though he plans that
B	yeah
D	he plans that every year
A	how's your skiing? alright?
C	mm?
A	how's your skiing? okay?
B	erm used to be
C	I haven't
A	well if it's alright if you've done it at six and seven you'll be perfect I've never done it
C	I reckon if I spent a year in Germany I
C	yeah
C	cos even now like when I'm around it I can
B	you just can't
D	mm
C	yeah
A	well you
D	I like German I love German it just sounded right to me I just had an ear for it
B	you know Russian don't you dad?
D	he can count to about four
D	no
D	Vladivostok
A	niet
B	er which movie's that from? when Sigourney Weaver pretends to be Russian she can only say three words
D	I don't know
C	I don't know if I know that many Sigourney Weaver films
A	well
D	Alien Alien one two three four five to ten
C	and erm
B	Avatar
C	Avatar
D	oh and erm Gorillas in the Mist
B	just so hot
D	was she
B	no
D	she looks like
B	how do you spell her name?
C	Sigourney?
C	er kind of how it sounds I think
A	I I once saw a picture
C	S I G O U R N E Y
D	R N E Y yeah Sigourney
A	and I just thought there was a picture of her
D	Weaver
A	there was a
C	maybe it's got an H in it Sighourney I don't know
D	uhu
A	meaning she was wearing nothing but
D	mm
A	and had this full body art on
D	mm
A	I thought she looked fantastic
C	oh I asked
C	and then she said there's
B	that this one just gone?
C	yeah
B	yeah
D	mm
C	and then she said there's a whole ELT departmental
C	er Christmas party which is at like a hotel and erm it's it's like a dinner and then a disco and then she was like but I didn't go and then
C	I said oh well can we do secret Santa? and she was like do we have to? I really hate secret Santa
C	and I was like oh you're er
C	she was just like I really hate buying presents and I'm like oh
C	right
D	did she not mention the jumper
C	I know well she she knits right?
C	so she enjoys a Christmas jumper but she just apparently doesn't like buying presents for people so
B	love a secret Santa it's hilarious
D	mm
C	so even if I do so basically there is gonna be a Christmas do but there's a good chance that nobody else on the team would wanna go so if if it's on it'll just be me and you and a load of people I don't know
B	well I'm not coming that'd be weird
C	well
C	I'm not I'm not gonna go on my own we might as well go
C	get get a dinner out of it get drunk and then
B	what what what department do I work for?
C	you could say anything they wouldn't know
B	yeah no one'll know
C	yeah
C	might as well go and have a night out in
D	yeah do it
D	you could stay at
C	yeah I'm really disappointed that my whole team are just absolute Scrooges
D	they get they get booze passes and tokens for booze there?
C	yeah
B	we do we do
D	well they want to claim those and give them to
C	mm
B	mine's November twenty-eighth
C	yeah I'm not invited apparently partners don't go
D	ah
B	well
D	oh er that's how
B	well you can go but
D	mm
B	apparently it's a bit cliquey
A	pardon me if it's
B	I don't even know which cliques are which cos I just
C	so like why why why don't you break the mould? why don't you say oh well I'd quite like my girlfriend to be there
C	it's the same weekend my auntie's up so you're lucky otherwise I'd have kicked off
D	well yeah that's the weekend
C	oh yeah you did mention that
D	yeah
D	it's for erm I've got to get er
D	and when you had yeah you did didn't you?
A	there was one evening one we went to
D	mm
A	one
D	mm
A	one and that was it after that I never went to another one
D	no
B	I think ours people just
A	it was that hotel down in
C	so why aren't I coming?
A	opposite the showground
D	mm
A	at the
C	where is yours?
A	we went there
D	mm
A	and that was er
D	mm
C	oh
D	mm
B	what's it called?
C	I don't know er
B	it's got a name
D	would you like a coffee?
E	yeah
A	and I like going out for a few a
A	and I have to say I was partly partly involved in it Christmas dinner
B	yeah
A	and it was
D	I'll bring your coffee through shall I?
A	fish and chip shop
D	that'll be nice
A	and we went down and the order was
D	grandpa might need help getting up
A	evening was was evening wear evening
C	to the fish and chip shop? I love that
A	and we went into a fish and chip shop and sat upstairs in the restaurant and we had fish and chips for and they allowed us to take our own drinks in
D	there we are
A	and we got and then we all just rolled out into the pub afterwards and it was fantastic
B	do you want a hand?
C	it sounds it
B	do you want a hand?
A	but of course it was lunchtime so no partners were involved
C	no
B	do you want a hand?
E	no
A	but I don't mix I never mix with socially with anybody from work
C	well see I would like the opportunity to but apparently
B	sure
C	apparently it's not a thing
A	well I
C	I can kind of see it I know I know work things can be like socially awkward but it's a Christmas do like who doesn't want a Christmas do?
A	just
B	do you want a hand?
A	yeah he does need a hand
B	come on
A	no just say yeah it's alright it's alright
E	thank you
A	it's I dunno it's an awkward one I hated Christmases
C	I get excited I still get excited for Christmas I enjoy Christmas
A	I never I never I
C	yeah
A	but I never I never knew whether you take cards in or not
C	I've never done cards cos mainly because there's just you end up it becomes
C	it becomes so political about who does and doesn't get a card
B	twenty-four-year-old
A	yeah so what we so
B	twenty-four-year-old
A	what what what we did we put a box proper you know proper lockable box
C	yeah
A	on reception
D	mm
A	and said
A	in lieu of giving cards to your colleagues who you see every day
D	mm
A	dad
A	you just need to wipe your face dad you've got food all okay no you've just wiped it everywhere now you need to probably go and have a
D	oh
A	okay? that's fine
E	yeah
D	mm
A	yeah
A	sorry
C	yeah
E	got beaten tonight
A	oh yeah sorry dad yeah okay yeah
E	did you see that?
